Id,Position,First Name,Nickname,Last Name,FPPG,Played,Salary,Game,Team,Opponent,Injury Indicator,Injury Details,Tier,Probable Pitcher,Batting Order,Roster Position
62135-82604,P,Corbin,Corbin Burnes,Burnes,44.23529411764706,17,11200,MIL@PIT,MIL,PIT,,,,,0,P
62135-80582,P,Brandon,Brandon Woodruff,Woodruff,41.4,20,10600,MIL@PIT,MIL,PIT,,,,,0,P
62135-119441,P,Alek,Alek Manoah,Manoah,33.25,8,10500,TOR@BOS,TOR,BOS,IL,Back,,,,P
62135-16931,P,Yu,Yu Darvish,Darvish,35.25,20,10300,COL@SD,SD,COL,,,,,,P
62135-73880,P,German,German Marquez,Marquez,33.904761904761905,21,10200,COL@SD,COL,SD,,,,,,P
62135-53029,P,Robbie,Robbie Ray,Ray,39.75,20,10000,TOR@BOS,TOR,BOS,,,,,,P
62135-52165,P,Sean,Sean Manaea,Manaea,35.80952380952381,21,9800,OAK@LAA,OAK,LAA,,,,,,P
62135-83190,P,Freddy,Freddy Peralta,Peralta,36.5,20,9700,MIL@PIT,MIL,PIT,,,,Yes,,P
62135-53067,P,Chris,Chris Bassitt,Bassitt,35.61904761904762,21,9700,OAK@LAA,OAK,LAA,,,,,,P
62135-12477,P,Chris,Chris Sale,Sale,,,9500,TOR@BOS,BOS,TOR,IL,Elbow,,,0,P
62135-37014,P,Hyun Jin,Hyun Jin Ryu,Ryu,29.526315789473685,19,9300,TOR@BOS,TOR,BOS,,,,Yes,,P
62135-83098,P,Austin,Austin Gomber,Gomber,28.11111111111111,18,8800,COL@SD,COL,SD,,,,,,P
62135-63781,P,Frankie,Frankie Montas,Montas,31.4,20,8800,OAK@LAA,OAK,LAA,,,,Yes,,P
62135-13233,P,Nathan,Nathan Eovaldi,Eovaldi,32.05,20,8700,TOR@BOS,BOS,TOR,,,,,0,P
62135-13123,P,Alex,Alex Cobb,Cobb,29.6,15,8600,OAK@LAA,LAA,OAK,O,Finger,,,,P
62135-70559,P,Mike,Mike Clevinger,Clevinger,29.625,8,8500,COL@SD,SD,COL,IL,Elbow,,,,P
62135-68523,P,Joe,Joe Musgrove,Musgrove,25.03846153846154,26,8400,COL@SD,SD,COL,,,,Yes,,P
62135-52155,P,Jon,Jon Gray,Gray,25.95,20,8400,COL@SD,COL,SD,,,,,,P
62135-85269,P,Cole,Cole Irvin,Irvin,27.2,20,8200,OAK@LAA,OAK,LAA,,,,,,P
62135-119340,P,Tarik,Tarik Skubal,Skubal,27.55,20,8200,BAL@DET,DET,BAL,,,,,0,P
62135-68484,P,Chad,Chad Kuhl,Kuhl,22.153846153846153,13,8200,MIL@PIT,PIT,MIL,,,,Yes,,P
62135-79226,P,Eric,Eric Lauer,Lauer,23.2,15,8100,MIL@PIT,MIL,PIT,,,,,0,P
62135-68488,P,Blake,Blake Snell,Snell,23.736842105263158,19,8100,COL@SD,SD,COL,,,,,,P
62135-97300,P,John,John Means,Means,31.285714285714285,14,8000,BAL@DET,BAL,DET,,,,,0,P
62135-68518,P,Spencer,Spencer Turnbull,Turnbull,30.444444444444443,9,8000,BAL@DET,DET,BAL,IL,Elbow,,,0,P
62135-102498,P,Patrick,Patrick Sandoval,Sandoval,29.142857142857142,14,7900,OAK@LAA,LAA,OAK,,,,,,P
62135-68536,P,James,James Kaprielian,Kaprielian,33.07692307692308,13,7900,OAK@LAA,OAK,LAA,,,,,,P
62135-38311,P,Ross,Ross Stripling,Stripling,22.88235294117647,17,7800,TOR@BOS,TOR,BOS,,,,,,P
62135-52142,P,Eduardo,Eduardo Rodriguez,Rodriguez,27.473684210526315,19,7600,TOR@BOS,BOS,TOR,,,,Yes,,P
62135-52167,P,Andrew,Andrew Heaney,Heaney,28.88888888888889,18,7600,OAK@LAA,LAA,OAK,,,,,,P
62135-80433,P,Dinelson,Dinelson Lamet,Lamet,18.9,10,7500,COL@SD,SD,COL,IL,Forearm,,,,P
62135-13258,P,Wily,Wily Peralta,Peralta,19.22222222222222,9,7500,BAL@DET,DET,BAL,,,,,0,P
62135-79951,P,Nick,Nick Pivetta,Pivetta,29.65,20,7400,TOR@BOS,BOS,TOR,,,,,0,P
62135-101838,P,JT,JT Brubaker,Brubaker,25.473684210526315,19,7200,MIL@PIT,PIT,MIL,,,,,0,P
62135-63136,P,Matthew,Matthew Boyd,Boyd,26.23076923076923,13,7200,BAL@DET,DET,BAL,IL,Triceps,,,0,P
62135-141024,P,Bruce,Bruce Zimmermann,Zimmermann,22.833333333333332,12,7200,BAL@DET,BAL,DET,IL,Biceps,,,0,P
62135-101819,P,Jose,Jose Suarez,Suarez,17.615384615384617,13,7000,OAK@LAA,LAA,OAK,,,,,,P
62135-68528,P,Chase,Chase De Jong,De Jong,17,10,7000,MIL@PIT,PIT,MIL,IL,Knee,,,0,P
62135-85253,P,Casey,Casey Mize,Mize,26.894736842105264,19,6900,BAL@DET,DET,BAL,,,,Yes,,P
62135-12918,P,Julio,Julio Teheran,Teheran,27,1,6800,BAL@DET,DET,BAL,IL,Shoulder,,,0,P
62135-82582,P,Griffin,Griffin Canning,Canning,18.6875,16,6800,OAK@LAA,LAA,OAK,IL,Back,,,,P
62135-155315,P,Spenser,Spenser Watkins,Watkins,19.6,5,6800,BAL@DET,BAL,DET,,,,,0,P
62135-79224,P,Chris,Chris Paddack,Paddack,21.714285714285715,21,6700,COL@SD,SD,COL,,,,,,P
62135-66766,P,Adrian,Adrian Houser,Houser,22.75,20,6600,MIL@PIT,MIL,PIT,,,,,0,P
62135-5416,P,Brett,Brett Anderson,Anderson,16.8,15,6600,MIL@PIT,MIL,PIT,,,,,0,P
62135-13727,P,Josh,Josh Lindblom,Lindblom,5.875,8,6600,MIL@PIT,MIL,PIT,,,,,0,P
62135-52174,P,Steven,Steven Matz,Matz,26.11111111111111,18,6500,TOR@BOS,TOR,BOS,,,,,,P
62135-13444,P,Mike,Mike Fiers,Fiers,11.5,2,6400,OAK@LAA,OAK,LAA,IL,Elbow,,,,P
62135-60632,P,Kyle,Kyle Freeland,Freeland,20.454545454545453,11,6400,COL@SD,COL,SD,,,,Yes,,P
62135-12934,P,Tyler,Tyler Chatwood,Chatwood,4.5,30,6400,TOR@BOS,TOR,BOS,IL,Neck,,,,P
62135-102447,P,Dean,Dean Kremer,Kremer,14.333333333333334,12,6300,BAL@DET,BAL,DET,,,,,0,P
62135-79123,P,Tyler,Tyler Alexander,Alexander,7.103448275862069,29,6300,BAL@DET,DET,BAL,,,,,0,P
62135-82540,P,Tanner,Tanner Houck,Houck,23,6,6300,TOR@BOS,BOS,TOR,,,,,0,P
62135-66765,P,Jorge,Jorge Lopez,Lopez,18.285714285714285,21,6200,BAL@DET,BAL,DET,,,,,0,P
62135-79155,P,Jaime,Jaime Barria,Barria,12.333333333333334,3,6200,OAK@LAA,LAA,OAK,,,,,,P
62135-79201,P,Anthony,Anthony Kay,Kay,14.636363636363637,11,6200,TOR@BOS,TOR,BOS,,,,,,P
62135-71188,P,Steven,Steven Brault,Brault,18.90909090909091,11,6200,MIL@PIT,PIT,MIL,IL,Lat,,,0,P
62135-21099,P,Jose,Jose Quintana,Quintana,12.764705882352942,17,6200,OAK@LAA,LAA,OAK,,,,,,P
62135-5764,P,Derek,Derek Holland,Holland,4.55,20,6200,BAL@DET,DET,BAL,,,,,0,P
62135-79209,P,A.J.,A.J. Puk,Puk,22,1,6100,OAK@LAA,OAK,LAA,,,,,,P
62135-15221,P,Tommy,Tommy Milone,Milone,11.5,6,6100,TOR@BOS,TOR,BOS,IL,Shoulder,,,,P
62135-11328,P,Martin,Martin Perez,Perez,22.5,20,6000,TOR@BOS,BOS,TOR,,,,,0,P
62135-16957,P,Dylan,Dylan Bundy,Bundy,14.947368421052632,19,6000,OAK@LAA,LAA,OAK,,,,Yes,,P
62135-72265,P,Matt,Matt Strahm,Strahm,4.684210526315789,19,6000,COL@SD,SD,COL,IL,Knee,,,,P
62135-118392,P,Rony,Rony Garcia,Garcia,7,2,6000,BAL@DET,DET,BAL,IL,Knee,,,0,P
62135-82657,P,Wil,Wil Crowe,Crowe,16.875,16,6000,MIL@PIT,PIT,MIL,,,,,0,P
62135-82656,P,Nate,Nate Pearson,Pearson,-2,1,6000,TOR@BOS,TOR,BOS,IL,Groin,,,,P
62135-102395,P,Ryan,Ryan Weathers,Weathers,15.421052631578947,19,6000,COL@SD,SD,COL,,,,,,P
62135-79180,P,Cody,Cody Ponce,Ponce,12.5,4,5900,MIL@PIT,PIT,MIL,,,,,0,P
62135-79227,P,Adrian,Adrian Morejon,Morejon,8.5,2,5900,COL@SD,SD,COL,IL,Elbow,,,,P
62135-13019,P,Garrett,Garrett Richards,Richards,21.1,20,5900,TOR@BOS,BOS,TOR,,,,,0,P
62135-135236,P,Max,Max Kranick,Kranick,14.25,4,5800,MIL@PIT,PIT,MIL,,,,,0,P
62135-79133,P,Matt,Matt Manning,Manning,14.285714285714286,7,5800,BAL@DET,DET,BAL,,,,,0,P
62135-53599,P,Chi Chi,Chi Chi Gonzalez,Gonzalez,14.631578947368421,19,5800,COL@SD,COL,SD,IL,Undisclosed,,,,P
62135-79217,P,Mitch,Mitch Keller,Keller,16.833333333333332,12,5800,MIL@PIT,PIT,MIL,,,,,0,P
62135-5599,P,Trevor,Trevor Cahill,Cahill,15.11111111111111,9,5800,MIL@PIT,PIT,MIL,IL,Foot,,,0,P
62135-68469,P,Adam,Adam Plutko,Plutko,5.5588235294117645,34,5800,BAL@DET,BAL,DET,,,,,0,P
62135-68520,P,Michael,Michael Fulmer,Fulmer,8.538461538461538,26,5800,BAL@DET,DET,BAL,,,,,0,P
62135-13438,P,Drew,Drew Pomeranz,Pomeranz,5.7272727272727275,22,5700,COL@SD,SD,COL,,,,,,P
62135-53608,P,Jose,Jose Urena,Urena,15.235294117647058,17,5700,BAL@DET,DET,BAL,IL,Groin,,,0,P
62135-21919,P,Matt,Matt Andriese,Andriese,6.269230769230769,26,5700,TOR@BOS,BOS,TOR,IL,Hamstring,,,0,P
62135-82653,P,Ryan,Ryan Borucki,Borucki,5.647058823529412,17,5700,TOR@BOS,TOR,BOS,,,,,,P
62135-68517,P,Antonio,Antonio Senzatela,Senzatela,22,17,5700,COL@SD,COL,SD,IL,Undisclosed,,,,P
62135-79085,P,Keegan,Keegan Akin,Akin,11.615384615384615,13,5600,BAL@DET,BAL,DET,IL,Undisclosed,,,0,P
62135-79117,P,Peter,Peter Lambert,Lambert,,,5600,COL@SD,COL,SD,IL,Elbow,,,,P
62135-101855,P,Trent,Trent Thornton,Thornton,6.785714285714286,28,5600,TOR@BOS,TOR,BOS,,,,,,P
62135-145922,P,Tyler,Tyler Wells,Wells,8.655172413793103,29,5600,BAL@DET,BAL,DET,IL,Wrist,,,0,P
62135-73301,P,Brent,Brent Suter,Suter,7.410256410256411,39,5600,MIL@PIT,MIL,PIT,,,,,0,P
62135-156272,P,Reiss,Reiss Knehr,Knehr,14,1,5600,COL@SD,SD,COL,,,,,,P
62135-73363,P,Felix,Felix Pena,Pena,-5,2,5600,OAK@LAA,LAA,OAK,,,,,,P
62135-17074,P,Matt,Matt Harvey,Harvey,15.6,20,5600,BAL@DET,BAL,DET,,,,,0,P
62135-52195,P,Daniel,Daniel Norris,Norris,4.315789473684211,38,5600,BAL@DET,DET,BAL,,,,,0,P
62135-82935,P,Trevor,Trevor Richards,Richards,9.296296296296296,27,5600,TOR@BOS,TOR,BOS,,,,,,P
62135-13312,P,Ryan,Ryan Brasier,Brasier,5.52,25,5500,TOR@BOS,BOS,TOR,IL,Concussion,,,0,P
62135-81925,P,Richard,Richard Rodriguez,Rodriguez,5.45945945945946,37,5500,MIL@PIT,PIT,MIL,,,,,0,P
62135-79895,P,Miguel,Miguel Diaz,Diaz,9.941176470588236,17,5500,COL@SD,SD,COL,,,,,,P
62135-155687,P,Andrew,Andrew Wantz,Wantz,8.5,4,5500,OAK@LAA,LAA,OAK,,,,,,P
62135-82986,P,Colten,Colten Brewer,Brewer,-6,1,5500,TOR@BOS,BOS,TOR,,,,,0,P
62135-102449,P,Zac,Zac Lowther,Lowther,5.6,5,5500,BAL@DET,BAL,DET,IL,Shoulder,,,0,P
62135-82998,P,Lou,Lou Trivino,Trivino,5.711111111111111,45,5500,OAK@LAA,OAK,LAA,,,,,,P
62135-79937,P,Cesar,Cesar Valdez,Valdez,5.387096774193548,31,5500,BAL@DET,BAL,DET,,,,,0,P
62135-154688,P,Jake,Jake Cousins,Cousins,8.833333333333334,12,5500,MIL@PIT,MIL,PIT,,,,,0,P
62135-102469,P,Ben,Ben Bowden,Bowden,4.115384615384615,26,5500,COL@SD,COL,SD,,,,,,P
62135-38981,P,Brandon,Brandon Workman,Workman,4.178571428571429,28,5500,TOR@BOS,BOS,TOR,,,,,0,P
62135-135237,P,Nick,Nick Mears,Mears,7,3,5500,MIL@PIT,PIT,MIL,,,,,0,P
62135-102476,P,Bernardo,Bernardo Flores Jr.,Flores Jr.,-3,1,5500,COL@SD,COL,SD,,,,,,P
62135-135247,P,Jeremy,Jeremy Beasley,Beasley,5.375,8,5500,TOR@BOS,TOR,BOS,,,,,,P
62135-102481,P,Bryan,Bryan Garcia,Garcia,3.375,32,5500,BAL@DET,DET,BAL,,,,,0,P
62135-79960,P,Paul,Paul Fry,Fry,6.589743589743589,39,5500,BAL@DET,BAL,DET,,,,,0,P
62135-6234,P,Jordan,Jordan Zimmermann,Zimmermann,1,2,5500,MIL@PIT,MIL,PIT,,,,,0,P
62135-154712,P,Mickey,Mickey Jannis,Jannis,-8,1,5500,BAL@DET,BAL,DET,,,,,0,P
62135-154713,P,Miguel,Miguel Sanchez,Sanchez,5.416666666666667,12,5500,MIL@PIT,MIL,PIT,,,,,0,P
62135-73828,P,Dan,Dan Altavilla,Altavilla,3.5,2,5500,COL@SD,SD,COL,IL,Elbow,,,,P
62135-116839,P,David,David Bednar,Bednar,5.590909090909091,44,5500,MIL@PIT,PIT,MIL,,,,,0,P
62135-72809,P,Austin,Austin Brice,Brice,3.6153846153846154,13,5500,TOR@BOS,BOS,TOR,,,,,0,P
62135-116847,P,Cole,Cole Sulser,Sulser,6.861111111111111,36,5500,BAL@DET,BAL,DET,,,,,0,P
62135-38001,P,Matt,Matt Barnes,Barnes,7.534883720930233,43,5500,TOR@BOS,BOS,TOR,,,,,0,P
62135-85107,P,James,James Norwood,Norwood,5.25,4,5500,COL@SD,SD,COL,,,,,,P
62135-102515,P,Aaron,Aaron Ashby,Ashby,-10,1,5500,MIL@PIT,MIL,PIT,,,,,0,P
62135-40052,P,Ian,Ian Krol,Krol,4,5,5500,BAL@DET,DET,BAL,,,,,0,P
62135-81044,P,Austin,Austin Adams,Adams,5.608695652173913,46,5500,COL@SD,SD,COL,,,,,,P
62135-80033,P,Emilio,Emilio Pagan,Pagan,5.4772727272727275,44,5500,COL@SD,SD,COL,,,,,,P
62135-39081,P,Chasen,Chasen Shreve,Shreve,4.161290322580645,31,5500,MIL@PIT,PIT,MIL,,,,,0,P
62135-145591,P,Eduard,Eduard Bazardo,Bazardo,9,2,5500,TOR@BOS,BOS,TOR,IL,Lat,,,0,P
62135-13495,P,Rafael,Rafael Dolis,Dolis,4.25,32,5500,TOR@BOS,TOR,BOS,,,,,,P
62135-71875,P,Mike,Mike Mayers,Mayers,5.659574468085107,47,5500,OAK@LAA,LAA,OAK,,,,,,P
62135-135361,P,Nabil,Nabil Crismatt,Crismatt,9.038461538461538,26,5500,COL@SD,SD,COL,,,,,,P
62135-83145,P,Jose,Jose Castillo,Castillo,,,5500,COL@SD,SD,COL,IL,Elbow,,,,P
62135-38091,P,Kyle,Kyle Lobstein,Lobstein,-0.6666666666666666,3,5500,MIL@PIT,MIL,PIT,,,,,0,P
62135-38097,P,Aaron,Aaron Northcraft,Northcraft,7.8,5,5500,COL@SD,SD,COL,,,,,,P
62135-83154,P,Miguel,Miguel del Pozo,del Pozo,-1,1,5500,BAL@DET,DET,BAL,,,,,0,P
62135-145626,P,Alec,Alec Bettinger,Bettinger,0,4,5500,MIL@PIT,MIL,PIT,,,,,0,P
62135-83160,P,Jose,Jose Mujica,Mujica,-1,2,5500,COL@SD,COL,SD,,,,,,P
62135-145627,P,Lucas,Lucas Gilbreath,Gilbreath,3.217391304347826,23,5500,COL@SD,COL,SD,,,,,,P
62135-38106,P,Kirby,Kirby Yates,Yates,3.1666666666666665,6,5500,TOR@BOS,TOR,BOS,IL,Elbow,,,,P
62135-145629,P,Mason,Mason Thompson,Thompson,3,4,5500,COL@SD,SD,COL,,,,,,P
62135-72929,P,Jandel,Jandel Gustave,Gustave,7.2,5,5500,MIL@PIT,MIL,PIT,,,,,0,P
62135-152806,P,Jason,Jason Foley,Foley,3.75,4,5500,BAL@DET,DET,BAL,,,,,0,P
62135-79084,P,Tanner,Tanner Scott,Scott,6.130434782608695,46,5500,BAL@DET,BAL,DET,,,,,0,P
62135-79088,P,Travis,Travis Lakins Sr.,Lakins Sr.,4.5,24,5500,BAL@DET,BAL,DET,IL,Elbow,,,0,P
62135-83184,P,Julian,Julian Merryweather,Merryweather,8.5,4,5500,TOR@BOS,TOR,BOS,IL,Oblique,,,,P
62135-5370,P,Daniel,Daniel Bard,Bard,6.425,40,5500,COL@SD,COL,SD,,,,,,P
62135-83194,P,Sam,Sam Howard,Howard,4.394736842105263,38,5500,MIL@PIT,PIT,MIL,IL,Oblique,,,0,P
62135-85255,P,Shaun,Shaun Anderson,Anderson,5.75,8,5500,BAL@DET,BAL,DET,,,,,0,P
62135-79124,P,Joe,Joe Jimenez,Jimenez,4.6875,32,5500,BAL@DET,DET,BAL,,,,,0,P
62135-85271,P,Alexander,Alexander Wells,Wells,15.333333333333334,3,5500,BAL@DET,BAL,DET,,,,Yes,,P
62135-79169,P,Jordan,Jordan Sheffield,Sheffield,4.473684210526316,19,5500,COL@SD,COL,SD,IL,Lat,,,,P
62135-38216,P,Jose,Jose Cisnero,Cisnero,5.319148936170213,47,5500,BAL@DET,DET,BAL,,,,,0,P
62135-79194,P,Domingo,Domingo Acevedo,Acevedo,3,3,5500,OAK@LAA,OAK,LAA,,,,,,P
62135-38251,P,Hunter,Hunter Strickland,Strickland,4.888888888888889,36,5500,MIL@PIT,MIL,PIT,,,,,0,P
62135-118122,P,Angel,Angel Perdomo,Perdomo,5.875,16,5500,MIL@PIT,MIL,PIT,,,,,0,P
62135-153961,P,Tayler,Tayler Saucedo,Saucedo,5,14,5500,TOR@BOS,TOR,BOS,,,,,,P
62135-57717,P,Buck,Buck Farmer,Farmer,3.806451612903226,31,5500,BAL@DET,DET,BAL,,,,,0,P
62135-12675,P,Steve,Steve Cishek,Cishek,4.03921568627451,51,5500,OAK@LAA,LAA,OAK,,,,,,P
62135-13709,P,Deolis,Deolis Guerra,Guerra,5.766666666666667,30,5500,OAK@LAA,OAK,LAA,,,,,,P
62135-38285,P,Zac,Zac Rosscup,Rosscup,4,3,5500,COL@SD,COL,SD,,,,,,P
62135-155028,P,Konner,Konner Wade,Wade,,,5500,BAL@DET,BAL,DET,,,,,0,P
62135-62871,P,Junior,Junior Guerra,Guerra,6.5,26,5500,OAK@LAA,LAA,OAK,,,,,,P
62135-38303,P,Andrew,Andrew Chafin,Chafin,4.704545454545454,44,5500,OAK@LAA,OAK,LAA,,,,,,P
62135-61858,P,Raisel,Raisel Iglesias,Iglesias,8.046511627906977,43,5500,OAK@LAA,LAA,OAK,,,,,,P
62135-57770,P,Alex,Alex Claudio,Claudio,3.268292682926829,41,5500,OAK@LAA,LAA,OAK,,,,,,P
62135-101802,P,Patrick,Patrick Weigel,Weigel,11,3,5500,MIL@PIT,MIL,PIT,,,,,0,P
62135-118191,P,Antonio,Antonio Santos,Santos,8.2,5,5500,COL@SD,COL,SD,,,,,,P
62135-101809,P,Josh,Josh Taylor,Taylor,4.725,40,5500,TOR@BOS,BOS,TOR,,,,,0,P
62135-38322,P,Ben,Ben Rowen,Rowen,4.625,8,5500,OAK@LAA,LAA,OAK,,,,,,P
62135-101812,P,Justin,Justin Lawrence,Lawrence,3.7222222222222223,18,5500,COL@SD,COL,SD,,,,,,P
62135-118205,P,Anthony,Anthony Castro,Castro,5.2272727272727275,22,5500,TOR@BOS,TOR,BOS,IL,Elbow,,,,P
62135-101825,P,Jose,Jose Quijada,Quijada,12.5,2,5500,OAK@LAA,LAA,OAK,,,,,,P
62135-118209,P,Miguel,Miguel Yajure,Yajure,20,2,5500,MIL@PIT,PIT,MIL,IL,Forearm,,,0,P
62135-101824,P,Kyle,Kyle Keller,Keller,5,12,5500,MIL@PIT,PIT,MIL,,,,,0,P
62135-118226,P,Blake,Blake Cederlind,Cederlind,3.6,5,5500,MIL@PIT,PIT,MIL,IL,Elbow,,,0,P
62135-135645,P,Isaac,Isaac Mattson,Mattson,3,2,5500,BAL@DET,BAL,DET,,,,,0,P
62135-101856,P,Patrick,Patrick Murphy,Murphy,3.857142857142857,7,5500,TOR@BOS,TOR,BOS,,,,,,P
62135-116194,P,Eric,Eric Yardley,Yardley,1.7058823529411764,17,5500,MIL@PIT,MIL,PIT,,,,,0,P
62135-145918,P,Will,Will Vest,Vest,3.6363636363636362,33,5500,BAL@DET,DET,BAL,,,,,0,P
62135-85517,P,Trey,Trey Wingenter,Wingenter,,,5500,COL@SD,SD,COL,IL,Elbow,,,,P
62135-101904,P,Jordan,Jordan Romano,Romano,6.444444444444445,36,5500,TOR@BOS,TOR,BOS,,,,,,P
62135-101909,P,Travis,Travis Bergen,Bergen,5.6,10,5500,TOR@BOS,TOR,BOS,,,,,,P
62135-101913,P,Brandon,Brandon Brennan,Brennan,12,1,5500,TOR@BOS,BOS,TOR,,,,,0,P
62135-139851,P,Justin,Justin Topa,Topa,8.833333333333334,6,5500,MIL@PIT,MIL,PIT,IL,Elbow,,,0,P
62135-150106,P,Nick,Nick Allgeyer,Allgeyer,3,1,5500,TOR@BOS,TOR,BOS,,,,,,P
62135-80478,P,Reymin,Reymin Guduan,Guduan,2.5454545454545454,11,5500,OAK@LAA,OAK,LAA,,,,,,P
62135-21096,P,Erasmo,Erasmo Ramirez,Ramirez,5.375,8,5500,BAL@DET,DET,BAL,,,,,0,P
62135-82538,P,Darwinzon,Darwinzon Hernandez,Hernandez,5.175,40,5500,TOR@BOS,BOS,TOR,,,,,0,P
62135-5743,P,Yusmeiro,Yusmeiro Petit,Petit,4.38,50,5500,OAK@LAA,OAK,LAA,,,,,,P
62135-82547,P,Thomas,Thomas Hatch,Hatch,14,1,5500,TOR@BOS,TOR,BOS,,,,,,P
62135-82548,P,Alex,Alex Lange,Lange,3.9473684210526314,19,5500,BAL@DET,DET,BAL,,,,,0,P
62135-70271,P,Carlos,Carlos Estevez,Estevez,4.324324324324325,37,5500,COL@SD,COL,SD,,,,,,P
62135-82565,P,Ryan,Ryan Castellani,Castellani,10,1,5500,COL@SD,COL,SD,,,,,,P
62135-82564,P,Yency,Yency Almonte,Almonte,2.032258064516129,31,5500,COL@SD,COL,SD,IL,Undisclosed,,,,P
62135-17037,P,Trevor,Trevor Rosenthal,Rosenthal,7.6521739130434785,23,5500,OAK@LAA,OAK,LAA,IL,Hip,,,,P
62135-82572,P,Gregory,Gregory Soto,Soto,6.113636363636363,44,5500,BAL@DET,DET,BAL,,,,,0,P
62135-12943,P,Shelby,Shelby Miller,Miller,-4,3,5500,MIL@PIT,PIT,MIL,,,,,0,P
62135-82591,P,Chris,Chris Rodriguez,Rodriguez,8.23076923076923,13,5500,OAK@LAA,LAA,OAK,,,,,,P
62135-111268,P,Daniel,Daniel Camarena,Camarena,5.666666666666667,3,5500,COL@SD,SD,COL,,,,,,P
62135-84651,P,Austin,Austin Davis,Davis,4.222222222222222,9,5500,MIL@PIT,PIT,MIL,,,,,0,P
62135-72377,P,James,James Hoyt,Hoyt,5.166666666666667,6,5500,OAK@LAA,LAA,OAK,,,,,,P
62135-114360,P,Devin,Devin Williams,Williams,7,37,5500,MIL@PIT,MIL,PIT,,,,,0,P
62135-53953,P,Keone,Keone Kela,Kela,5.416666666666667,12,5500,COL@SD,SD,COL,IL,Elbow,,,,P
62135-17094,P,Jake,Jake Diekman,Diekman,5.833333333333333,42,5500,OAK@LAA,OAK,LAA,,,,,,P
62135-82633,P,Michel,Michel Baez,Baez,7.666666666666667,3,5500,COL@SD,SD,COL,IL,Elbow,,,,P
62135-81615,P,Tim,Tim Mayza,Mayza,3.8536585365853657,41,5500,TOR@BOS,TOR,BOS,,,,,,P
62135-13010,P,David,David Phelps,Phelps,6.636363636363637,11,5500,TOR@BOS,TOR,BOS,IL,Lat,,,,P
62135-81620,P,Aaron,Aaron Slegers,Slegers,3.2962962962962963,27,5500,OAK@LAA,LAA,OAK,,,,,,P
62135-14047,P,Brad,Brad Boxberger,Boxberger,5.7727272727272725,44,5500,MIL@PIT,MIL,PIT,,,,,0,P
62135-147169,P,Hirokazu,Hirokazu Sawamura,Sawamura,6.131578947368421,38,5500,TOR@BOS,BOS,TOR,IL,Triceps,,,0,P
62135-53990,P,Shawn,Shawn Armstrong,Armstrong,3.45,20,5500,BAL@DET,BAL,DET,,,,,0,P
62135-81640,P,Yacksel,Yacksel Rios,Rios,5.5,18,5500,TOR@BOS,BOS,TOR,,,,,0,P
62135-157433,P,Kirby,Kirby Snead,Snead,2,1,5500,TOR@BOS,TOR,BOS,,,,,,P
62135-5885,P,Jhoulys,Jhoulys Chacin,Chacin,6.761904761904762,21,5500,COL@SD,COL,SD,,,,,,P
62135-53045,P,Scott,Scott Oberg,Oberg,,,5500,COL@SD,COL,SD,IL,Elbow,,,,P
62135-70482,P,J.B.,J.B. Wendelken,Wendelken,4.875,24,5500,OAK@LAA,OAK,LAA,,,,,,P
62135-104293,P,Nick,Nick Ramirez,Ramirez,5.384615384615385,13,5500,COL@SD,SD,COL,,,,,,P
62135-68474,P,Josh,Josh Hader,Hader,7.794871794871795,39,5500,MIL@PIT,MIL,PIT,,,,,0,P
62135-108421,P,Phillips,Phillips Valdez,Valdez,7.045454545454546,22,5500,TOR@BOS,BOS,TOR,,,,,0,P
62135-13192,P,Tony,Tony Watson,Watson,3.9166666666666665,36,5500,OAK@LAA,LAA,OAK,,,,,,P
62135-68507,P,Duane,Duane Underwood Jr.,Underwood Jr.,7.15625,32,5500,MIL@PIT,PIT,MIL,,,,,0,P
62135-80801,P,Hoby,Hoby Milner,Milner,5.636363636363637,11,5500,MIL@PIT,MIL,PIT,,,,,0,P
62135-68515,P,Sam,Sam Moll,Moll,4.666666666666667,3,5500,OAK@LAA,OAK,LAA,,,,,,P
62135-39843,P,Burch,Burch Smith,Smith,4.666666666666667,21,5500,OAK@LAA,OAK,LAA,,,,,,P
62135-6054,P,Mark,Mark Melancon,Melancon,5.113636363636363,44,5500,COL@SD,SD,COL,,,,,,P
62135-102311,P,Luis,Luis Oviedo,Oviedo,5,13,5500,MIL@PIT,PIT,MIL,,,,,0,P
62135-52143,P,Hunter,Hunter Harvey,Harvey,3.5555555555555554,9,5500,BAL@DET,BAL,DET,IL,Lat,,,0,P
62135-52146,P,CJ,CJ Edwards,Edwards,2,7,5500,TOR@BOS,TOR,BOS,IL,Oblique,,,,P
62135-52148,P,Pierce,Pierce Johnson,Johnson,5.578947368421052,38,5500,COL@SD,SD,COL,,,,,,P
62135-52152,P,Robert,Robert Stephenson,Stephenson,4.296296296296297,27,5500,COL@SD,COL,SD,IL,Back,,,,P
62135-68541,P,Taylor,Taylor Williams,Williams,6.2,5,5500,COL@SD,SD,COL,IL,Knee,,,,P
62135-102345,P,Jose,Jose Soriano,Soriano,,,5500,MIL@PIT,PIT,MIL,IL,Elbow,,,0,P
62135-5069,P,Craig,Craig Stammen,Stammen,7.5,44,5500,COL@SD,SD,COL,,,,,,P
62135-68556,P,Dillon,Dillon Tate,Tate,5.314285714285714,35,5500,BAL@DET,BAL,DET,,,,,0,P
62135-68559,P,Conner,Conner Greene,Greene,9,1,5500,BAL@DET,BAL,DET,,,,,0,P
62135-80849,P,Adam,Adam Kolarek,Kolarek,1.25,12,5500,OAK@LAA,OAK,LAA,,,,,,P
62135-82911,P,Adam,Adam Cimber,Cimber,4.348837209302325,43,5500,TOR@BOS,TOR,BOS,,,,,,P
62135-52191,P,Kyle,Kyle Crick,Crick,3.925925925925926,27,5500,MIL@PIT,PIT,MIL,,,,,0,P
62135-12257,P,Adam,Adam Ottavino,Ottavino,5.222222222222222,45,5500,TOR@BOS,BOS,TOR,,,,,0,P
62135-70624,P,Chris,Chris Stratton,Stratton,6.902439024390244,41,5500,MIL@PIT,PIT,MIL,,,,,0,P
62135-52196,P,A.J.,A.J. Cole,Cole,7,6,5500,TOR@BOS,TOR,BOS,IL,Oblique,,,,P
62135-70629,P,Jacob,Jacob Barnes,Barnes,4.464285714285714,28,5500,TOR@BOS,TOR,BOS,,,,,,P
62135-102376,P,Garrett,Garrett Whitlock,Whitlock,10.4,30,5500,TOR@BOS,BOS,TOR,,,,,0,P
62135-82923,P,Luke,Luke Bard,Bard,4.166666666666667,6,5500,OAK@LAA,LAA,OAK,IL,Hip,,,,P
62135-82922,P,Tyler,Tyler Kinley,Kinley,4.121951219512195,41,5500,COL@SD,COL,SD,,,,,,P
62135-82924,P,Tim,Tim Hill,Hill,4.73469387755102,49,5500,COL@SD,SD,COL,,,,,,P
62135-68590,P,Javy,Javy Guerra,Guerra,2.642857142857143,14,5500,COL@SD,SD,COL,IL,Elbow,,,,P
62135-5107,P,Sergio,Sergio Romo,Romo,4.634146341463414,41,5500,OAK@LAA,OAK,LAA,,,,,,P
62135-81917,P,Dillon,Dillon Peters,Peters,2,1,5500,MIL@PIT,PIT,MIL,,,,,0,P
62135-79393,SS,Fernando,Fernando Tatis Jr.,Tatis Jr.,16.048235006893382,85,4600,COL@SD,SD,COL,,,,,,SS/UTIL
62135-79273,1B/3B,Vladimir,Vladimir Guerrero Jr.,Guerrero Jr.,14.761458079020182,96,4500,TOR@BOS,TOR,BOS,,,,,,C/1B/3B/UTIL
62135-82440,OF,Shohei,Shohei Ohtani,Ohtani,14.82551045320472,98,4500,OAK@LAA,LAA,OAK,,,,,,OF/UTIL
62135-16983,OF,George,George Springer,Springer,11.183333333333334,30,4300,TOR@BOS,TOR,BOS,,,,,,OF/UTIL
62135-82654,SS,Bo,Bo Bichette,Bichette,12.82187525431315,96,4100,TOR@BOS,TOR,BOS,,,,,,SS/UTIL
62135-52175,1B,Matt,Matt Olson,Olson,12.792783756846005,97,4000,OAK@LAA,OAK,LAA,,,,,,C/1B/UTIL
62135-13540,OF,J.D.,J.D. Martinez,Martinez,12.32000025699013,95,3900,TOR@BOS,BOS,TOR,,,,,4,OF/UTIL
62135-13929,3B,Manny,Manny Machado,Machado,12.092708587646484,96,3900,COL@SD,SD,COL,,,,,,3B/UTIL
62135-68585,3B,Rafael,Rafael Devers,Devers,13.167347187898597,98,3900,TOR@BOS,BOS,TOR,DTD,Quadriceps,,,0,3B/UTIL
62135-21705,2B/SS,Marcus,Marcus Semien,Semien,12.883333841959635,96,3800,TOR@BOS,TOR,BOS,,,,,,2B/SS/UTIL
62135-53401,1B/OF,Trey,Trey Mancini,Mancini,10.84948478777384,97,3600,BAL@DET,BAL,DET,,,,,3,C/1B/OF/UTIL
62135-37982,SS,Xander,Xander Bogaerts,Bogaerts,11.386170732214095,94,3500,TOR@BOS,BOS,TOR,,,,,3,SS/UTIL
62135-73023,OF,Teoscar,Teoscar Hernandez,Hernandez,11.509091067623782,77,3500,TOR@BOS,TOR,BOS,,,,,,OF/UTIL
62135-79175,OF,Trent,Trent Grisham,Grisham,10.4786669921875,75,3500,COL@SD,SD,COL,,,,,,OF/UTIL
62135-16947,2B/1B,Jonathan,Jonathan Schoop,Schoop,10.273469263193558,98,3500,BAL@DET,DET,BAL,,,,,2,C/1B/2B/UTIL
62135-12933,OF,Mike,Mike Trout,Trout,12.627777947319878,36,3500,OAK@LAA,LAA,OAK,IL,Calf,,,,OF/UTIL
62135-82611,OF,Akil,Akil Baddoo,Baddoo,10.197530864197532,81,3500,BAL@DET,DET,BAL,,,,,1,OF/UTIL
62135-21609,OF,Christian,Christian Yelich,Yelich,10.191044593924907,67,3400,MIL@PIT,MIL,PIT,IL,Illness,,,0,OF/UTIL
62135-13792,2B/OF,Kike,Kike Hernandez,Hernandez,10.18488400481468,86,3400,TOR@BOS,BOS,TOR,,,,,1,2B/OF/UTIL
62135-12928,1B,Eric,Eric Hosmer,Hosmer,8.274467955244349,94,3400,COL@SD,SD,COL,,,,,,C/1B/UTIL
62135-52158,SS,Trevor,Trevor Story,Story,10.881817904385654,88,3400,COL@SD,COL,SD,,,,,,SS/UTIL
62135-79230,OF,Bryan,Bryan Reynolds,Reynolds,11.39693902463329,98,3300,MIL@PIT,PIT,MIL,,,,,3,OF/UTIL
62135-54068,OF,Hunter,Hunter Renfroe,Renfroe,9.821111382378472,90,3300,TOR@BOS,BOS,TOR,,,,,5,OF/UTIL
62135-13487,OF,Tommy,Tommy Pham,Pham,9.622999877929688,100,3200,COL@SD,SD,COL,,,,,,OF/UTIL
62135-83155,OF,Ramon,Ramon Laureano,Laureano,10.313414783012576,82,3200,OAK@LAA,OAK,LAA,,,,,,OF/UTIL
62135-83182,C/OF,Eric,Eric Haase,Haase,11.561110885054976,54,3200,BAL@DET,DET,BAL,,,,,5,C/1B/OF/UTIL
62135-104483,1B,Jared,Jared Walsh,Walsh,10.80309303519652,97,3100,OAK@LAA,LAA,OAK,IL,Chest,,,,C/1B/UTIL
62135-21666,OF,Mark,Mark Canha,Canha,11.5,84,3100,OAK@LAA,OAK,LAA,,,,,,OF/UTIL
62135-13854,OF,Robbie,Robbie Grossman,Grossman,11.017346440529337,98,3100,BAL@DET,DET,BAL,,,,,3,OF/UTIL
62135-82536,OF,Cedric,Cedric Mullins,Mullins,11.567676274463384,99,3100,BAL@DET,BAL,DET,,,,,1,OF/UTIL
62135-38965,1B,C.J.,C.J. Cron,Cron,9.34642828078497,84,3000,COL@SD,COL,SD,DTD,Groin,,,,C/1B/UTIL
62135-16948,2B,Kolten,Kolten Wong,Wong,10.375806254725303,62,3000,MIL@PIT,MIL,PIT,,,,,1,2B/UTIL
62135-16951,3B,Anthony,Anthony Rendon,Rendon,9.220689444706357,58,3000,OAK@LAA,LAA,OAK,IL,Hamstring,,,,3B/UTIL
62135-68514,2B/3B,Ryan,Ryan McMahon,McMahon,10.081052760074012,95,3000,COL@SD,COL,SD,,,,,,2B/3B/UTIL
62135-68544,3B,Matt,Matt Chapman,Chapman,8.847999877929688,100,3000,OAK@LAA,OAK,LAA,,,,,,3B/UTIL
62135-13436,C,Max,Max Stassi,Stassi,10.017391038977582,46,2900,OAK@LAA,LAA,OAK,,,,,,C/1B/UTIL
62135-60655,SS,Willy,Willy Adames,Adames,9.832323478929924,99,2900,MIL@PIT,MIL,PIT,,,,,2,SS/UTIL
62135-79156,2B/SS,David,David Fletcher,Fletcher,8.754166920979818,96,2900,OAK@LAA,LAA,OAK,,,,,,2B/SS/UTIL
62135-118210,1B/2B,Jake,Jake Cronenworth,Cronenworth,10.354455928991337,101,2900,COL@SD,SD,COL,,,,,,C/1B/2B/UTIL
62135-70898,2B/OF,Adam,Adam Frazier,Frazier,9.82,100,2800,COL@SD,SD,COL,,,,,,2B/OF/UTIL
62135-12985,OF,Avisail,Avisail Garcia,Garcia,10.1,90,2800,MIL@PIT,MIL,PIT,,,,,3,OF/UTIL
62135-13229,OF,Charlie,Charlie Blackmon,Blackmon,8.7726318359375,95,2800,COL@SD,COL,SD,,,,,,OF/UTIL
62135-6197,OF,Justin,Justin Upton,Upton,10.17714320591518,70,2700,OAK@LAA,LAA,OAK,,,,,,OF/UTIL
62135-79160,OF,Alex,Alex Verdugo,Verdugo,9.915957187084441,94,2700,TOR@BOS,BOS,TOR,,,,,6,OF/UTIL
62135-79216,3B,Ke'Bryan,Ke'Bryan Hayes,Hayes,8.795833587646484,48,2700,MIL@PIT,PIT,MIL,,,,,2,3B/UTIL
62135-79225,2B/SS,Luis,Luis Urias,Urias,9.380208333333334,96,2700,MIL@PIT,MIL,PIT,,,,,7,2B/SS/UTIL
62135-71182,1B/3B,Jeimer,Jeimer Candelario,Candelario,8.797872340425531,94,2700,BAL@DET,DET,BAL,,,,,6,C/1B/3B/UTIL
62135-6029,2B/3B,Jed,Jed Lowrie,Lowrie,8.571134272309923,97,2700,OAK@LAA,OAK,LAA,,,,,,2B/3B/UTIL
62135-52178,3B,Maikel,Maikel Franco,Franco,7.954877899914253,82,2700,BAL@DET,BAL,DET,,,,,7,3B/UTIL
62135-60635,OF,Raimel,Raimel Tapia,Tapia,9.99072139779317,97,2600,COL@SD,COL,SD,,,,,,OF/UTIL
62135-12919,SS,Jose,Jose Iglesias,Iglesias,8.142529016253592,87,2600,OAK@LAA,LAA,OAK,,,,,,SS/UTIL
62135-17382,OF,Gregory,Gregory Polanco,Polanco,8.077214880834651,79,2600,MIL@PIT,PIT,MIL,,,,,6,OF/UTIL
62135-79884,OF,Anthony,Anthony Santander,Santander,7.790322580645161,62,2500,BAL@DET,BAL,DET,IL,Undisclosed,,,0,OF/UTIL
62135-81953,OF,Austin,Austin Hays,Hays,9.55142822265625,70,2500,BAL@DET,BAL,DET,,,,,2,OF/UTIL
62135-135239,SS,Rodolfo,Rodolfo Castro,Castro,12.188888549804688,9,2500,MIL@PIT,PIT,MIL,,,,,5,SS/UTIL
62135-135290,1B,John,John Nogowski,Nogowski,5.913513595993455,37,2500,MIL@PIT,PIT,MIL,,,,,0,C/1B/UTIL
62135-12434,OF,Lorenzo,Lorenzo Cain,Cain,8.836363821318656,33,2500,MIL@PIT,MIL,PIT,,,,,6,OF/UTIL
62135-12462,1B,Mitch,Mitch Moreland,Moreland,6.381818366773201,66,2500,OAK@LAA,OAK,LAA,,,,,,C/1B/UTIL
62135-79082,1B/OF,Ryan,Ryan Mountcastle,Mountcastle,9.38404229346742,94,2500,BAL@DET,BAL,DET,,,,,0,C/1B/OF/UTIL
62135-79136,OF,Daz,Daz Cameron,Cameron,9.900000179515166,17,2500,BAL@DET,DET,BAL,IL,Toe,,,0,OF/UTIL
62135-79151,3B,Taylor,Taylor Ward,Ward,8.725397019159226,63,2500,OAK@LAA,LAA,OAK,,,,,,3B/UTIL
62135-79218,2B/SS,Kevin,Kevin Newman,Newman,5.389247443086358,93,2500,MIL@PIT,PIT,MIL,,,,,0,2B/SS/UTIL
62135-38282,1B,Daniel,Daniel Vogelbach,Vogelbach,6.098507553783815,67,2500,MIL@PIT,MIL,PIT,IL,Hamstring,,,0,C/1B/UTIL
62135-79272,OF,Lourdes,Lourdes Gurriel Jr.,Gurriel Jr.,8.214942669046335,87,2500,TOR@BOS,TOR,BOS,DTD,Elbow,,,,OF/UTIL
62135-119311,OF,Jarren,Jarren Duran,Duran,8.377777947319878,9,2500,TOR@BOS,BOS,TOR,,,,,2,OF/UTIL
62135-82563,2B/OF,Garrett,Garrett Hampson,Hampson,7.869149066032247,94,2500,COL@SD,COL,SD,,,,,,2B/OF/UTIL
62135-12931,OF,Wil,Wil Myers,Myers,8.343011015204974,93,2500,COL@SD,SD,COL,,,,,,OF/UTIL
62135-38571,1B/3B,Travis,Travis Shaw,Shaw,6.942856924874442,56,2500,MIL@PIT,MIL,PIT,IL,Shoulder,,,0,C/1B/3B/UTIL
62135-52168,1B/3B,Colin,Colin Moran,Moran,7.44285739198023,49,2500,MIL@PIT,PIT,MIL,IL,Wrist,,,0,C/1B/3B/UTIL
62135-68582,2B/SS,Brendan,Brendan Rodgers,Rodgers,8.402000122070312,50,2500,COL@SD,COL,SD,,,,,,2B/SS/UTIL
62135-5118,1B,Miguel,Miguel Cabrera,Cabrera,8.094872107872597,78,2500,BAL@DET,DET,BAL,,,,,4,C/1B/UTIL
62135-70665,C,Jacob,Jacob Stallings,Stallings,8.133333333333333,75,2400,MIL@PIT,PIT,MIL,,,,,0,C/1B/UTIL
62135-102453,SS,Zack,Zack Short,Short,7.51000010172526,30,2400,BAL@DET,DET,BAL,,,,,8,SS/UTIL
62135-104629,SS,Jack,Jack Mayfield,Mayfield,5.743333435058593,30,2400,OAK@LAA,LAA,OAK,,,,,,SS/UTIL
62135-5359,SS,Elvis,Elvis Andrus,Andrus,6.464000244140625,100,2400,OAK@LAA,OAK,LAA,,,,,,SS/UTIL
62135-13706,OF,Adam,Adam Eaton,Eaton,7.618310203014965,71,2400,OAK@LAA,LAA,OAK,,,,,,OF/UTIL
62135-71217,C,Omar,Omar Narvaez,Narvaez,8.492405372329905,79,2400,MIL@PIT,MIL,PIT,,,,,0,C/1B/UTIL
62135-13909,OF,Randal,Randal Grichuk,Grichuk,9.390425661776929,94,2400,TOR@BOS,TOR,BOS,,,,,,OF/UTIL
62135-82596,C,Jake,Jake Rogers,Rogers,8.44473668148643,38,2400,BAL@DET,DET,BAL,IL,Forearm,,,0,C/1B/UTIL
62135-82624,C,Sean,Sean Murphy,Murphy,8.751190185546875,84,2400,OAK@LAA,OAK,LAA,,,,,,C/1B/UTIL
62135-81924,2B/SS,Niko,Niko Goodrum,Goodrum,7.993650890531994,63,2300,BAL@DET,DET,BAL,IL,Calf,,,0,2B/SS/UTIL
62135-54307,C,Elias,Elias Diaz,Diaz,7.222034001754502,59,2300,COL@SD,COL,SD,,,,,,C/1B/UTIL
62135-38973,OF,Tyrone,Tyrone Taylor,Taylor,7.769696784741951,66,2300,MIL@PIT,MIL,PIT,,,,,5,OF/UTIL
62135-21573,OF,Jace,Jace Peterson,Peterson,8.582000122070312,50,2300,MIL@PIT,MIL,PIT,IL,Not injury related,,,0,OF/UTIL
62135-85277,2B/3B,Cavan,Cavan Biggio,Biggio,7.516438523383989,73,2300,TOR@BOS,TOR,BOS,,,,,,2B/3B/UTIL
62135-79154,OF,Brandon,Brandon Marsh,Marsh,6.459999847412109,10,2300,OAK@LAA,LAA,OAK,,,,,,OF/UTIL
62135-65991,C,Pedro,Pedro Severino,Severino,6.853623099949049,69,2300,BAL@DET,BAL,DET,,,,,0,C/1B/UTIL
62135-101850,2B,Ramon,Ramon Urias,Urias,7.627083460489909,48,2300,BAL@DET,BAL,DET,,,,,5,2B/UTIL
62135-13858,C,Christian,Christian Vazquez,Vazquez,7.45842682913448,89,2300,TOR@BOS,BOS,TOR,,,,,7,C/1B/UTIL
62135-82555,3B/SS,Willi,Willi Castro,Castro,7.806172688802083,81,2300,BAL@DET,DET,BAL,,,,,7,3B/SS/UTIL
62135-70435,OF,Ben,Ben Gamel,Gamel,6.135135135135135,74,2300,MIL@PIT,PIT,MIL,,,,,4,OF/UTIL
62135-81980,3B,Phillip,Phillip Evans,Evans,6.131818366773201,66,2200,MIL@PIT,PIT,MIL,,,,,7,3B/UTIL
62135-73879,2B/SS,Pat,Pat Valaika,Valaika,4.6582090463211285,67,2200,BAL@DET,BAL,DET,,,,,0,2B/SS/UTIL
62135-13520,2B,Phil,Phil Gosselin,Gosselin,6.482692425067608,52,2200,OAK@LAA,LAA,OAK,,,,,,2B/UTIL
62135-60636,OF,Derek,Derek Hill,Hill,7.815789473684211,19,2200,BAL@DET,DET,BAL,,,,,9,OF/UTIL
62135-85249,1B/3B,Bobby,Bobby Dalbec,Dalbec,7.064197681568287,81,2200,TOR@BOS,BOS,TOR,,,,,8,C/1B/3B/UTIL
62135-38252,OF,Stephen,Stephen Piscotty,Piscotty,4.840624809265137,64,2200,OAK@LAA,OAK,LAA,,,,,,OF/UTIL
62135-79277,1B,Rowdy,Rowdy Tellez,Tellez,5.962500095367432,64,2200,MIL@PIT,MIL,PIT,,,,,4,C/1B/UTIL
62135-119444,C,Alejandro,Alejandro Kirk,Kirk,6.869999694824219,20,2200,TOR@BOS,TOR,BOS,,,,,,C/1B/UTIL
62135-82605,1B/2B,Keston,Keston Hiura,Hiura,5.900000210466056,58,2200,MIL@PIT,MIL,PIT,,,,,0,C/1B/2B/UTIL
62135-68471,2B/OF,Tony,Tony Kemp,Kemp,6.860493977864583,81,2200,OAK@LAA,OAK,LAA,,,,,,2B/OF/UTIL
62135-13262,2B/OF,Jurickson,Jurickson Profar,Profar,6.575000127156575,96,2200,COL@SD,SD,COL,,,,,,2B/OF/UTIL
62135-97291,2B,Harold,Harold Castro,Castro,6.103333536783854,60,2100,BAL@DET,DET,BAL,,,,,0,2B/UTIL
62135-21637,OF,Jackie,Jackie Bradley Jr.,Bradley Jr.,6.20760843028193,92,2100,MIL@PIT,MIL,PIT,,,,,0,OF/UTIL
62135-102541,OF,Jared,Jared Oliva,Oliva,3.7666668362087674,18,2100,MIL@PIT,PIT,MIL,,,,,0,OF/UTIL
62135-109803,C,Austin,Austin Nola,Nola,7.038095383417039,21,2100,COL@SD,SD,COL,,,,,,C/1B/UTIL
62135-79087,1B/2B,Michael,Michael Chavis,Chavis,5.255172203327048,29,2100,TOR@BOS,BOS,TOR,,,,,0,C/1B/2B/UTIL
62135-85246,1B/3B,Joshua,Joshua Fuentes,Fuentes,5.844444444444444,90,2100,COL@SD,COL,SD,,,,,,C/1B/3B/UTIL
62135-85274,OF,DJ,DJ Stewart,Stewart,6.939999825613839,70,2100,BAL@DET,BAL,DET,,,,,4,OF/UTIL
62135-62780,SS,Wilmer,Wilmer Difo,Difo,4.48095218718998,63,2100,MIL@PIT,PIT,MIL,,,,,1,SS/UTIL
62135-82414,OF,Victor,Victor Reyes,Reyes,5.394285801478794,35,2100,BAL@DET,DET,BAL,,,,,0,OF/UTIL
62135-101910,OF,Connor,Connor Joe,Joe,5.171875,32,2100,COL@SD,COL,SD,,,,,,OF/UTIL
62135-13917,OF,Juan,Juan Lagares,Lagares,6.217910538858442,67,2100,OAK@LAA,LAA,OAK,,,,,,OF/UTIL
62135-116450,1B/OF,Seth,Seth Brown,Brown,6.524050941950159,79,2100,OAK@LAA,OAK,LAA,,,,,,C/1B/OF/UTIL
62135-79776,C,Dom,Dom Nunez,Nunez,7.1912279630962175,57,2100,COL@SD,COL,SD,,,,,,C/1B/UTIL
62135-52182,C,Reese,Reese McGuire,McGuire,4.879166603088379,48,2100,TOR@BOS,TOR,BOS,,,,,,C/1B/UTIL
62135-81948,SS,Breyvic,Breyvic Valera,Valera,2,3,2000,TOR@BOS,TOR,BOS,,,,,,SS/UTIL
62135-156707,2B,Hoy,Hoy Park,Park,0,1,2000,MIL@PIT,PIT,MIL,,,,,0,2B/UTIL
62135-11311,C,Drew,Drew Butera,Butera,2.7250000635782876,12,2000,OAK@LAA,LAA,OAK,,,,,,C/1B/UTIL
62135-135227,2B,Jose,Jose Rojas,Rojas,6.321738865064538,46,2000,OAK@LAA,LAA,OAK,,,,,,2B/UTIL
62135-102504,C,Connor,Connor Wong,Wong,4.599999904632568,4,2000,TOR@BOS,BOS,TOR,,,,,0,C/1B/UTIL
62135-102513,C,Mario,Mario Feliciano,Feliciano,6.199999809265137,1,2000,MIL@PIT,MIL,PIT,IL,Shoulder,,,0,C/1B/UTIL
62135-135282,OF,Josh,Josh Palacios,Palacios,7.240000152587891,10,2000,TOR@BOS,TOR,BOS,IL,Hand,,,,OF/UTIL
62135-135288,SS,Alan,Alan Trejo,Trejo,3.3423077509953427,26,2000,COL@SD,COL,SD,,,,,,SS/UTIL
62135-135307,C,Webster,Webster Rivas,Rivas,5.580952235630581,21,2000,COL@SD,SD,COL,,,,,,C/1B/UTIL
62135-135305,3B,Tucupita,Tucupita Marcano,Marcano,3.116000061035156,25,2000,MIL@PIT,PIT,MIL,,,,,0,3B/UTIL
62135-102550,C,Luis,Luis Campusano,Campusano,2.227272727272727,11,2000,COL@SD,SD,COL,,,,,,C/1B/UTIL
62135-102577,SS,Santiago,Santiago Espinal,Espinal,5.221818403764204,55,2000,TOR@BOS,TOR,BOS,,,,,,SS/UTIL
62135-39090,3B/SS,Erik,Erik Gonzalez,Gonzalez,5.09718301262654,71,2000,MIL@PIT,PIT,MIL,IL,Side,,,0,3B/SS/UTIL
62135-38074,OF,Corey,Corey Dickerson,Dickerson,7.0225805467174895,62,2000,TOR@BOS,TOR,BOS,IL,Foot,,,,OF/UTIL
62135-13501,2B/OF,Chris,Chris Owings,Owings,7.633333478655134,21,2000,COL@SD,COL,SD,IL,Thumb,,,,2B/OF/UTIL
62135-5311,C,Kurt,Kurt Suzuki,Suzuki,5.248936105281748,47,2000,OAK@LAA,LAA,OAK,,,,,,C/1B/UTIL
62135-79070,SS,Domingo,Domingo Leyba,Leyba,3.1937499046325684,32,2000,BAL@DET,BAL,DET,,,,,8,SS/UTIL
62135-53476,OF,Scott,Scott Schebler,Schebler,2.3999998910086497,14,2000,OAK@LAA,LAA,OAK,,,,,,OF/UTIL
62135-149732,OF,Hunter,Hunter Owen,Owen,1,3,2000,MIL@PIT,PIT,MIL,,,,,0,OF/UTIL
62135-83177,C,Grayson,Grayson Greiner,Greiner,5.061111026340061,18,2000,BAL@DET,DET,BAL,,,,,0,C/1B/UTIL
62135-60652,2B,Christian,Christian Arroyo,Arroyo,8.314000244140624,50,2000,TOR@BOS,BOS,TOR,IL,Hamstring,,,0,2B/UTIL
62135-83188,3B,Kelvin,Kelvin Gutierrez,Gutierrez,4.978260869565218,46,2000,BAL@DET,BAL,DET,,,,,0,3B/UTIL
62135-83191,C,Austin,Austin Wynns,Wynns,6.3000000847710504,18,2000,BAL@DET,BAL,DET,,,,,9,C/1B/UTIL
62135-83195,OF,Yonathan,Yonathan Daza,Daza,6.455000305175782,80,2000,COL@SD,COL,SD,IL,Undisclosed,,,,OF/UTIL
62135-79127,OF,Derek,Derek Fisher,Fisher,4.675000190734863,4,2000,MIL@PIT,MIL,PIT,,,,,0,OF/UTIL
62135-79138,2B,Jonathan,Jonathan Arauz,Arauz,6.224999904632568,4,2000,TOR@BOS,BOS,TOR,,,,,0,2B/UTIL
62135-85284,3B,Jacob,Jacob Wilson,Wilson,1.0333333015441895,6,2000,OAK@LAA,OAK,LAA,,,,,,3B/UTIL
62135-85287,2B,Kean,Kean Wong,Wong,3.1526316592567847,19,2000,OAK@LAA,LAA,OAK,,,,,,2B/UTIL
62135-79173,OF,Corey,Corey Ray,Ray,6.199999809265137,1,2000,MIL@PIT,MIL,PIT,,,,,0,OF/UTIL
62135-85320,C,Michael,Michael Perez,Perez,6.148837067360102,43,2000,MIL@PIT,PIT,MIL,,,,,8,C/1B/UTIL
62135-53593,OF,Patrick,Patrick Kivlehan,Kivlehan,5.720000076293945,5,2000,COL@SD,SD,COL,,,,,,OF/UTIL
62135-79204,SS,Richie,Richie Martin,Martin,,,2000,BAL@DET,BAL,DET,IL,Wrist,,,0,SS/UTIL
62135-79219,SS,Cole,Cole Tucker,Tucker,1.6692308279184194,13,2000,MIL@PIT,PIT,MIL,,,,,0,SS/UTIL
62135-13694,1B/2B,Marwin,Marwin Gonzalez,Gonzalez,6.065714372907366,70,2000,TOR@BOS,BOS,TOR,IL,Hamstring,,,0,C/1B/2B/UTIL
62135-79231,3B,Will,Will Craig,Craig,5.305555555555555,18,2000,MIL@PIT,PIT,MIL,,,,,0,3B/UTIL
62135-79240,C,Aramis,Aramis Garcia,Garcia,4.565625190734863,32,2000,OAK@LAA,OAK,LAA,,,,,,C/1B/UTIL
62135-101811,OF,Sam,Sam Hilliard,Hilliard,5.032258064516129,31,2000,COL@SD,COL,SD,,,,,,OF/UTIL
62135-84405,OF,John,John Andreoli,Andreoli,2.1999999455043246,7,2000,COL@SD,SD,COL,,,,,,OF/UTIL
62135-38326,OF,Nomar,Nomar Mazara,Mazara,6.177999877929688,50,2000,BAL@DET,DET,BAL,,,,,0,OF/UTIL
62135-101817,2B/3B,Luis,Luis Rengifo,Rengifo,4.464285714285714,28,2000,OAK@LAA,LAA,OAK,,,,,,2B/3B/UTIL
62135-118204,OF,Ryan,Ryan McKenna,McKenna,3.4705882352941178,51,2000,BAL@DET,BAL,DET,,,,,6,OF/UTIL
62135-101828,OF,Troy,Troy Stokes Jr.,Stokes Jr.,4.300000190734863,8,2000,MIL@PIT,MIL,PIT,,,,,0,OF/UTIL
62135-101833,OF,Luis,Luis Barrera,Barrera,0.75,4,2000,OAK@LAA,OAK,LAA,,,,,,OF/UTIL
62135-101832,OF,Skye,Skye Bolt,Bolt,1.9960000610351563,25,2000,OAK@LAA,OAK,LAA,,,,,,OF/UTIL
62135-101835,C,Austin,Austin Allen,Allen,9.350000381469727,2,2000,OAK@LAA,OAK,LAA,,,,,,C/1B/UTIL
62135-118222,2B,Mark,Mark Mathias,Mathias,4.087500095367432,16,2000,MIL@PIT,MIL,PIT,IL,Shoulder,,,0,2B/UTIL
62135-118227,OF,Jorge,Jorge Ona,Ona,9.319999694824219,5,2000,COL@SD,SD,COL,IL,Elbow,,,,OF/UTIL
62135-53725,1B,Renato,Renato Nunez,Nunez,9.785714285714286,7,2000,BAL@DET,DET,BAL,,,,,0,C/1B/UTIL
62135-13799,1B,Matt,Matt Adams,Adams,2.2545453851873223,22,2000,COL@SD,COL,SD,,,,,,C/1B/UTIL
62135-96764,OF,Jonathan,Jonathan Davis,Davis,3.3960783715341605,51,2000,TOR@BOS,TOR,BOS,,,,,,OF/UTIL
62135-145921,OF,Ka'ai,Ka'ai Tom,Tom,4.604166666666667,48,2000,MIL@PIT,PIT,MIL,IL,Back,,,0,OF/UTIL
62135-13851,OF,Danny,Danny Santana,Santana,6.809090816613399,33,2000,TOR@BOS,BOS,TOR,IL,Groin,,,0,OF/UTIL
62135-95776,OF,Pablo,Pablo Reyes,Reyes,2.6205881904153263,34,2000,MIL@PIT,MIL,PIT,,,,,0,OF/UTIL
62135-12863,1B/3B,Todd,Todd Frazier,Frazier,3.8923075749323917,13,2000,MIL@PIT,PIT,MIL,,,,,0,C/1B/3B/UTIL
62135-13892,3B/OF,Hernan,Hernan Perez,Perez,1.2199999809265136,10,2000,MIL@PIT,MIL,PIT,,,,,0,3B/OF/UTIL
62135-80459,OF,Franchy,Franchy Cordero,Cordero,4.878378378378378,37,2000,TOR@BOS,BOS,TOR,,,,,9,OF/UTIL
62135-150096,2B,Ivan,Ivan Castillo,Castillo,3.1666666666666665,3,2000,COL@SD,SD,COL,,,,,,2B/UTIL
62135-118398,SS,Vimael,Vimael Machin,Machin,1.5699999809265137,10,2000,OAK@LAA,OAK,LAA,,,,,,SS/UTIL
62135-82566,1B,Tyler,Tyler Nevin,Nevin,4.5,2,2000,BAL@DET,BAL,DET,,,,,0,C/1B/UTIL
62135-82574,SS,Isaac,Isaac Paredes,Paredes,6.628571646554129,14,2000,BAL@DET,DET,BAL,IL,Hip,,,0,SS/UTIL
62135-84655,OF,Stevie,Stevie Wilkerson,Wilkerson,3.0620690707502694,29,2000,BAL@DET,BAL,DET,,,,,0,OF/UTIL
62135-114357,C,Brian,Brian O'Grady,O'Grady,4.762963189019097,27,2000,COL@SD,SD,COL,,,,,,C/1B/UTIL
62135-11989,OF,Jon,Jon Jay,Jay,4.979999923706055,5,2000,OAK@LAA,LAA,OAK,,,,,,OF/UTIL
62135-82655,C,Danny,Danny Jansen,Jansen,5.187755039760044,49,2000,TOR@BOS,TOR,BOS,IL,Hamstring,,,,C/1B/UTIL
62135-146160,2B/SS,Ha-Seong,Ha-Seong Kim,Kim,5.526582355740704,79,2000,COL@SD,SD,COL,,,,,,2B/SS/UTIL
62135-112379,OF,Tim,Tim Lopes,Lopes,1.8399999618530274,5,2000,MIL@PIT,MIL,PIT,,,,,0,OF/UTIL
62135-52995,C,Luke,Luke Maile,Maile,3.8375000953674316,8,2000,MIL@PIT,MIL,PIT,,,,,0,C/1B/UTIL
62135-53007,3B,Daniel,Daniel Robertson,Robertson,3.02,50,2000,MIL@PIT,MIL,PIT,,,,,0,3B/UTIL
62135-5904,1B,Chris,Chris Davis,Davis,3.0687499046325684,16,2000,BAL@DET,BAL,DET,IL,Hip,,,0,C/1B/UTIL
62135-13102,2B/SS,Freddy,Freddy Galvis,Galvis,8.11388905843099,72,2000,BAL@DET,BAL,DET,IL,Quadriceps,,,0,2B/SS/UTIL
62135-104273,C,Anthony,Anthony Bemboom,Bemboom,4.300000190734863,8,2000,OAK@LAA,LAA,OAK,,,,,,C/1B/UTIL
62135-68470,OF,JaCoby,JaCoby Jones,Jones,4.5083334181043835,36,2000,BAL@DET,DET,BAL,,,,,0,OF/UTIL
62135-68478,2B/OF,Chad,Chad Pinder,Pinder,5.8847828740658965,46,2000,OAK@LAA,OAK,LAA,IL,Hamstring,,,,2B/OF/UTIL
62135-13209,C,Manny,Manny Pina,Pina,4.804347826086956,46,2000,MIL@PIT,MIL,PIT,,,,,8,C/1B/UTIL
62135-70574,OF,Jared,Jared Hoying,Hoying,0,2,2000,TOR@BOS,TOR,BOS,,,,,,OF/UTIL
62135-68538,2B,Franklin,Franklin Barreto,Barreto,1.8095238095238095,21,2000,OAK@LAA,LAA,OAK,IL,Elbow,,,,2B/UTIL
62135-52161,2B/3B,Rio,Rio Ruiz,Ruiz,5.424242424242424,33,2000,COL@SD,COL,SD,,,,,,2B/3B/UTIL
62135-52171,C,Kevin,Kevin Plawecki,Plawecki,4.766666759144176,33,2000,TOR@BOS,BOS,TOR,,,,,0,C/1B/UTIL
62135-80848,C,Victor,Victor Caratini,Caratini,6.23902446467702,82,2000,COL@SD,SD,COL,,,,,,C/1B/UTIL
62135-80853,OF,Dustin,Dustin Fowler,Fowler,3.2555554707845054,18,2000,MIL@PIT,PIT,MIL,IL,Undisclosed,,,0,OF/UTIL
62135-5077,OF,Dexter,Dexter Fowler,Fowler,5.2999997820172995,7,2000,OAK@LAA,LAA,OAK,IL,Knee,,,,OF/UTIL
62135-68593,2B/OF,Jorge,Jorge Mateo,Mateo,3.2545454545454544,55,2000,COL@SD,SD,COL,,,,,,2B/OF/UTIL
62135-68594,OF,Anthony,Anthony Alford,Alford,3.0363637750799004,11,2000,MIL@PIT,PIT,MIL,,,,,0,OF/UTIL