Id,Position,First Name,Nickname,Last Name,FPPG,Played,Salary,Game,Team,Opponent,Injury Indicator,Injury Details,Tier,Probable Pitcher,Batting Order,Roster Position
62174-79168,P,Walker,Walker Buehler,Buehler,41.095238095238095,21,11500,LAD@ARI,LAD,ARI,,,,,,P
62174-16959,P,Trevor,Trevor Bauer,Bauer,43.8235294117647,17,11000,LAD@ARI,LAD,ARI,O,Not injury related,,,,P
62174-5427,P,Clayton,Clayton Kershaw,Kershaw,33.9,20,11000,LAD@ARI,LAD,ARI,IL,Forearm,,,,P
62174-52159,P,Lance,Lance McCullers Jr.,McCullers Jr.,36.05882352941177,17,10500,HOU@SF,HOU,SF,,,,,,P
62174-16931,P,Yu,Yu Darvish,Darvish,35.25,20,10300,COL@SD,SD,COL,,,,,,P
62174-38000,P,Kevin,Kevin Gausman,Gausman,40.3,20,10200,HOU@SF,SF,HOU,,,,Yes,,P
62174-73880,P,German,German Marquez,Marquez,33.904761904761905,21,10200,COL@SD,COL,SD,,,,,,P
62174-135212,P,Luis,Luis Garcia,Garcia,31.263157894736842,19,10000,HOU@SF,HOU,SF,,,,,,P
62174-5202,P,Justin,Justin Verlander,Verlander,43,1,10000,HOU@SF,HOU,SF,IL,Elbow,,,,P
62174-52165,P,Sean,Sean Manaea,Manaea,35.80952380952381,21,9800,OAK@LAA,OAK,LAA,,,,,,P
62174-82594,P,Dustin,Dustin May,May,33.4,5,9700,LAD@ARI,LAD,ARI,IL,Elbow,,,,P
62174-110822,P,Jose,Jose Urquidy,Urquidy,29.071428571428573,14,9500,HOU@SF,HOU,SF,IL,Shoulder,,,,P
62174-53067,P,Chris,Chris Bassitt,Bassitt,35.61904761904762,21,9400,OAK@LAA,OAK,LAA,,,,Yes,,P
62174-85599,P,Framber,Framber Valdez,Valdez,34.36363636363637,11,9200,HOU@SF,HOU,SF,,,,Yes,,P
62174-102335,P,Cristian,Cristian Javier,Javier,20.52173913043478,23,9100,HOU@SF,HOU,SF,,,,,,P
62174-102498,P,Patrick,Patrick Sandoval,Sandoval,29.142857142857142,14,8800,OAK@LAA,LAA,OAK,,,,Yes,,P
62174-38028,P,Alex,Alex Wood,Wood,32.64705882352941,17,8800,HOU@SF,SF,HOU,,,,,,P
62174-83098,P,Austin,Austin Gomber,Gomber,28.11111111111111,18,8800,COL@SD,COL,SD,,,,,,P
62174-63781,P,Frankie,Frankie Montas,Montas,32.80952380952381,21,8800,OAK@LAA,OAK,LAA,,,,,,P
62174-52166,P,Julio,Julio Urias,Urias,35,21,8700,LAD@ARI,LAD,ARI,,,,,,P
62174-13123,P,Alex,Alex Cobb,Cobb,29.6,15,8600,OAK@LAA,LAA,OAK,O,Finger,,,,P
62174-70559,P,Mike,Mike Clevinger,Clevinger,29.625,8,8500,COL@SD,SD,COL,IL,Elbow,,,,P
62174-53607,P,Anthony,Anthony DeSclafani,DeSclafani,28.625,24,8400,HOU@SF,SF,HOU,,,,,,P
62174-5522,P,Zack,Zack Greinke,Greinke,29.333333333333332,21,8400,HOU@SF,HOU,SF,,,,,,P
62174-68523,P,Joe,Joe Musgrove,Musgrove,26.48148148148148,27,8400,COL@SD,SD,COL,,,,,,P
62174-52155,P,Jon,Jon Gray,Gray,25.95,20,8400,COL@SD,COL,SD,,,,Yes,,P
62174-85269,P,Cole,Cole Irvin,Irvin,27.2,20,8200,OAK@LAA,OAK,LAA,,,,,,P
62174-68488,P,Blake,Blake Snell,Snell,23.736842105263158,19,8100,COL@SD,SD,COL,,,,,,P
62174-101839,P,Logan,Logan Webb,Webb,25.333333333333332,15,8000,HOU@SF,SF,HOU,,,,,,P
62174-68536,P,James,James Kaprielian,Kaprielian,33.07692307692308,13,7900,OAK@LAA,OAK,LAA,,,,,,P
62174-101881,P,Merrill,Merrill Kelly,Kelly,27.523809523809526,21,7900,LAD@ARI,ARI,LAD,,,,,,P
62174-5498,P,Johnny,Johnny Cueto,Cueto,27.352941176470587,17,7800,HOU@SF,SF,HOU,,,,,,P
62174-52167,P,Andrew,Andrew Heaney,Heaney,28.88888888888889,18,7600,OAK@LAA,LAA,OAK,,,,,,P
62174-80433,P,Dinelson,Dinelson Lamet,Lamet,18.9,10,7500,COL@SD,SD,COL,IL,Forearm,,,,P
62174-17116,P,Jake,Jake Odorizzi,Odorizzi,20.642857142857142,14,7300,HOU@SF,HOU,SF,,,,,,P
62174-102343,P,Tony,Tony Gonsolin,Gonsolin,21,10,7300,LAD@ARI,LAD,ARI,,,,Yes,,P
62174-85251,P,Zac,Zac Gallen,Gallen,24.363636363636363,11,7200,LAD@ARI,ARI,LAD,,,,Yes,,P
62174-81051,P,Caleb,Caleb Smith,Smith,15.206896551724139,29,7000,LAD@ARI,ARI,LAD,,,,,,P
62174-101819,P,Jose,Jose Suarez,Suarez,17.615384615384617,13,7000,OAK@LAA,LAA,OAK,,,,,,P
62174-102395,P,Ryan,Ryan Weathers,Weathers,15.421052631578947,19,7000,COL@SD,SD,COL,,,,Yes,,P
62174-68561,P,Luke,Luke Weaver,Weaver,24.25,8,6900,LAD@ARI,ARI,LAD,IL,Shoulder,,,,P
62174-82582,P,Griffin,Griffin Canning,Canning,18.6875,16,6800,OAK@LAA,LAA,OAK,IL,Back,,,,P
62174-52194,P,Aaron,Aaron Sanchez,Sanchez,22.166666666666668,6,6800,HOU@SF,SF,HOU,,,,,,P
62174-152888,P,Sammy,Sammy Long,Long,20.666666666666668,6,6700,HOU@SF,SF,HOU,,,,,,P
62174-79224,P,Chris,Chris Paddack,Paddack,21.714285714285715,21,6700,COL@SD,SD,COL,,,,,,P
62174-79259,P,Jake,Jake Faria,Faria,9.3,10,6600,LAD@ARI,ARI,LAD,,,,,,P
62174-85265,P,Taylor,Taylor Widener,Widener,22.25,8,6500,LAD@ARI,ARI,LAD,,,,,,P
62174-13444,P,Mike,Mike Fiers,Fiers,11.5,2,6400,OAK@LAA,OAK,LAA,IL,Elbow,,,,P
62174-6311,P,Madison,Madison Bumgarner,Bumgarner,22.11764705882353,17,6400,LAD@ARI,ARI,LAD,,,,,,P
62174-60632,P,Kyle,Kyle Freeland,Freeland,21.333333333333332,12,6400,COL@SD,COL,SD,,,,,,P
62174-102502,P,Josiah,Josiah Gray,Gray,22.5,2,6300,LAD@ARI,LAD,ARI,,,,,,P
62174-79071,P,Taylor,Taylor Clarke,Clarke,5.366666666666666,30,6300,LAD@ARI,ARI,LAD,IL,Shoulder,,,,P
62174-21099,P,Jose,Jose Quintana,Quintana,13.277777777777779,18,6200,OAK@LAA,LAA,OAK,,,,,,P
62174-5784,P,David,David Price,Price,8.407407407407407,27,6200,LAD@ARI,LAD,ARI,,,,,,P
62174-79155,P,Jaime,Jaime Barria,Barria,12.333333333333334,3,6200,OAK@LAA,LAA,OAK,,,,,,P
62174-79209,P,A.J.,A.J. Puk,Puk,22,1,6100,OAK@LAA,OAK,LAA,,,,,,P
62174-85531,P,Josh,Josh James,James,6.076923076923077,13,6000,HOU@SF,HOU,SF,IL,Hamstring,,,,P
62174-16957,P,Dylan,Dylan Bundy,Bundy,14.7,20,6000,OAK@LAA,LAA,OAK,,,,,,P
62174-58434,P,Kendall,Kendall Graveman,Graveman,7.2,30,6000,HOU@SF,HOU,SF,,,,,,P
62174-72265,P,Matt,Matt Strahm,Strahm,4.684210526315789,19,6000,COL@SD,SD,COL,IL,Knee,,,,P
62174-102484,P,Brandon,Brandon Bielak,Bielak,7,23,6000,HOU@SF,HOU,SF,,,,,,P
62174-38164,P,Jimmy,Jimmy Nelson,Nelson,7.62962962962963,27,6000,LAD@ARI,LAD,ARI,,,,,,P
62174-68551,P,Tyler,Tyler Beede,Beede,0,1,6000,HOU@SF,SF,HOU,,,,,,P
62174-79227,P,Adrian,Adrian Morejon,Morejon,8.5,2,5900,COL@SD,SD,COL,IL,Elbow,,,,P
62174-145622,P,Matt,Matt Peacock,Peacock,9.08,25,5800,LAD@ARI,ARI,LAD,,,,,,P
62174-53599,P,Chi Chi,Chi Chi Gonzalez,Gonzalez,14.631578947368421,19,5800,COL@SD,COL,SD,IL,Undisclosed,,,,P
62174-13438,P,Drew,Drew Pomeranz,Pomeranz,5.869565217391305,23,5700,COL@SD,SD,COL,,,,,,P
62174-68517,P,Antonio,Antonio Senzatela,Senzatela,22,17,5700,COL@SD,COL,SD,IL,Undisclosed,,,,P
62174-102334,P,Corbin,Corbin Martin,Martin,10.25,4,5700,LAD@ARI,ARI,LAD,,,,,,P
62174-102505,P,Edwin,Edwin Uceta,Uceta,5.363636363636363,11,5600,LAD@ARI,LAD,ARI,,,,,,P
62174-156272,P,Reiss,Reiss Knehr,Knehr,14,1,5600,COL@SD,SD,COL,,,,,,P
62174-73363,P,Felix,Felix Pena,Pena,-5,2,5600,OAK@LAA,LAA,OAK,,,,,,P
62174-80566,P,Seth,Seth Frankoff,Frankoff,8,4,5600,LAD@ARI,ARI,LAD,IL,Forearm,,,,P
62174-79117,P,Peter,Peter Lambert,Lambert,,,5600,COL@SD,COL,SD,IL,Elbow,,,,P
62174-119298,P,Luis,Luis Frias,Frias,,,5500,LAD@ARI,ARI,LAD,,,,,,P
62174-85517,P,Trey,Trey Wingenter,Wingenter,,,5500,COL@SD,SD,COL,IL,Elbow,,,,P
62174-79895,P,Miguel,Miguel Diaz,Diaz,9.941176470588236,17,5500,COL@SD,SD,COL,,,,,,P
62174-5658,P,Joakim,Joakim Soria,Soria,4.67741935483871,31,5500,LAD@ARI,ARI,LAD,,,,,,P
62174-155687,P,Andrew,Andrew Wantz,Wantz,8.5,4,5500,OAK@LAA,LAA,OAK,,,,,,P
62174-135209,P,Andre,Andre Scrubb,Scrubb,5.277777777777778,18,5500,HOU@SF,HOU,SF,IL,Shoulder,,,,P
62174-135214,P,Ralph,Ralph Garza Jr.,Garza Jr.,7.333333333333333,9,5500,HOU@SF,HOU,SF,,,,,,P
62174-5680,P,Neftali,Neftali Feliz,Feliz,-1.5,2,5500,LAD@ARI,LAD,ARI,,,,,,P
62174-79927,P,Stefan,Stefan Crichton,Crichton,2.310344827586207,29,5500,LAD@ARI,ARI,LAD,,,,,,P
62174-82998,P,Lou,Lou Trivino,Trivino,5.782608695652174,46,5500,OAK@LAA,OAK,LAA,,,,,,P
62174-21565,P,Ryan,Ryan Buchter,Buchter,3.5,16,5500,LAD@ARI,ARI,LAD,,,,,,P
62174-156220,P,Darien,Darien Nunez,Nunez,6.2,5,5500,LAD@ARI,LAD,ARI,,,,,,P
62174-102469,P,Ben,Ben Bowden,Bowden,4.115384615384615,26,5500,COL@SD,COL,SD,,,,,,P
62174-38982,P,Noe,Noe Ramirez,Ramirez,4.555555555555555,18,5500,LAD@ARI,ARI,LAD,,,,,,P
62174-11335,P,Jay,Jay Jackson,Jackson,8.5,6,5500,HOU@SF,SF,HOU,,,,,,P
62174-80460,P,John,John Brebbia,Brebbia,4.285714285714286,14,5500,HOU@SF,SF,HOU,,,,,,P
62174-102476,P,Bernardo,Bernardo Flores Jr.,Flores Jr.,-3,1,5500,COL@SD,COL,SD,,,,,,P
62174-119375,P,Dedniel,Dedniel Nunez,Nunez,,,5500,HOU@SF,SF,HOU,IL,Elbow,,,,P
62174-135253,P,Alex,Alex Vesia,Vesia,6.117647058823529,17,5500,LAD@ARI,LAD,ARI,,,,,,P
62174-80478,P,Reymin,Reymin Guduan,Guduan,2.5454545454545454,11,5500,OAK@LAA,OAK,LAA,,,,,,P
62174-82528,P,Jon,Jon Duplantier,Duplantier,4.5,4,5500,LAD@ARI,ARI,LAD,O,Lat,,,,P
62174-73828,P,Dan,Dan Altavilla,Altavilla,3.5,2,5500,COL@SD,SD,COL,IL,Elbow,,,,P
62174-5743,P,Yusmeiro,Yusmeiro Petit,Petit,4.38,50,5500,OAK@LAA,OAK,LAA,,,,,,P
62174-135283,P,Ty,Ty Tice,Tice,5.5,6,5500,LAD@ARI,ARI,LAD,,,,,,P
62174-85107,P,James,James Norwood,Norwood,5.25,4,5500,COL@SD,SD,COL,,,,,,P
62174-38007,P,Jose,Jose Alvarez,Alvarez,4.833333333333333,36,5500,HOU@SF,SF,HOU,,,,,,P
62174-70271,P,Carlos,Carlos Estevez,Estevez,4.324324324324325,37,5500,COL@SD,COL,SD,,,,,,P
62174-52865,P,Corey,Corey Knebel,Knebel,5.25,8,5500,LAD@ARI,LAD,ARI,IL,Lat,,,,P
62174-54403,P,Trevor,Trevor Gott,Gott,1.7333333333333334,15,5500,HOU@SF,SF,HOU,,,,,,P
62174-82565,P,Ryan,Ryan Castellani,Castellani,10,1,5500,COL@SD,COL,SD,,,,,,P
62174-82564,P,Yency,Yency Almonte,Almonte,2.032258064516129,31,5500,COL@SD,COL,SD,IL,Undisclosed,,,,P
62174-135303,P,Jordan,Jordan Weems,Weems,1.1428571428571428,7,5500,LAD@ARI,ARI,LAD,,,,,,P
62174-73869,P,Joe,Joe Mantiply,Mantiply,3.1875,32,5500,LAD@ARI,ARI,LAD,,,,,,P
62174-17037,P,Trevor,Trevor Rosenthal,Rosenthal,7.6521739130434785,23,5500,OAK@LAA,OAK,LAA,IL,Hip,,,,P
62174-52877,P,Dominic,Dominic Leone,Leone,6.291666666666667,24,5500,HOU@SF,SF,HOU,,,,,,P
62174-13458,P,Nate,Nate Jones,Jones,3.15,20,5500,LAD@ARI,LAD,ARI,,,,,,P
62174-112275,P,Conner,Conner Menez,Menez,9.375,8,5500,HOU@SF,SF,HOU,,,,,,P
62174-81044,P,Austin,Austin Adams,Adams,5.608695652173913,46,5500,COL@SD,SD,COL,,,,,,P
62174-113302,P,Sam,Sam Selman,Selman,5.142857142857143,7,5500,HOU@SF,SF,HOU,,,,,,P
62174-38041,P,Ryan,Ryan Pressly,Pressly,7.097560975609756,41,5500,HOU@SF,HOU,SF,,,,,,P
62174-82584,P,J.B.,J.B. Bukauskas,Bukauskas,2.9444444444444446,18,5500,LAD@ARI,ARI,LAD,,,,,,P
62174-82591,P,Chris,Chris Rodriguez,Rodriguez,8.23076923076923,13,5500,OAK@LAA,LAA,OAK,,,,,,P
62174-102558,P,Gregory,Gregory Santos,Santos,0,3,5500,HOU@SF,SF,HOU,NA,Suspension,,,,P
62174-80033,P,Emilio,Emilio Pagan,Pagan,5.4772727272727275,44,5500,COL@SD,SD,COL,,,,,,P
62174-102560,P,Camilo,Camilo Doval,Doval,3.8461538461538463,13,5500,HOU@SF,SF,HOU,,,,,,P
62174-80035,P,Bobby,Bobby Wahl,Wahl,0.3333333333333333,3,5500,LAD@ARI,LAD,ARI,,,,,,P
62174-38563,P,Yimi,Yimi Garcia,Garcia,4.871794871794871,39,5500,HOU@SF,HOU,SF,,,,,,P
62174-12452,P,Kenley,Kenley Jansen,Jansen,5.5,40,5500,LAD@ARI,LAD,ARI,,,,,,P
62174-111268,P,Daniel,Daniel Camarena,Camarena,5.666666666666667,3,5500,COL@SD,SD,COL,,,,,,P
62174-13479,P,Joe,Joe Kelly,Kelly,5.666666666666667,27,5500,LAD@ARI,LAD,ARI,DTD,Hamstring,,,,P
62174-17065,P,Blake,Blake Treinen,Treinen,5.767441860465116,43,5500,LAD@ARI,LAD,ARI,,,,,,P
62174-82603,P,Mitch,Mitch White,White,6.928571428571429,14,5500,LAD@ARI,LAD,ARI,,,,,,P
62174-114356,P,Kevin,Kevin Ginkel,Ginkel,3.6875,32,5500,LAD@ARI,ARI,LAD,,,,,,P
62174-155317,P,Ryan,Ryan Hartman,Hartman,10,1,5500,HOU@SF,HOU,SF,,,,,,P
62174-72377,P,James,James Hoyt,Hoyt,5.166666666666667,6,5500,OAK@LAA,LAA,OAK,,,,,,P
62174-135359,P,Caleb,Caleb Baragar,Baragar,4.818181818181818,22,5500,HOU@SF,SF,HOU,,,,,,P
62174-137410,P,Humberto,Humberto Castellanos,Castellanos,8.875,8,5500,LAD@ARI,ARI,LAD,,,,,,P
62174-53953,P,Keone,Keone Kela,Kela,5.416666666666667,12,5500,COL@SD,SD,COL,IL,Elbow,,,,P
62174-71875,P,Mike,Mike Mayers,Mayers,5.604166666666667,48,5500,OAK@LAA,LAA,OAK,,,,,,P
62174-135361,P,Nabil,Nabil Crismatt,Crismatt,9.038461538461538,26,5500,COL@SD,SD,COL,,,,,,P
62174-17094,P,Jake,Jake Diekman,Diekman,5.833333333333333,42,5500,OAK@LAA,OAK,LAA,,,,,,P
62174-82633,P,Michel,Michel Baez,Baez,7.666666666666667,3,5500,COL@SD,SD,COL,IL,Elbow,,,,P
62174-83145,P,Jose,Jose Castillo,Castillo,,,5500,COL@SD,SD,COL,IL,Elbow,,,,P
62174-145609,P,Peter,Peter Solomon,Solomon,5,3,5500,HOU@SF,HOU,SF,,,,,,P
62174-38097,P,Aaron,Aaron Northcraft,Northcraft,7.8,5,5500,COL@SD,SD,COL,,,,,,P
62174-81620,P,Aaron,Aaron Slegers,Slegers,3.2962962962962963,27,5500,OAK@LAA,LAA,OAK,,,,,,P
62174-83160,P,Jose,Jose Mujica,Mujica,-1,2,5500,COL@SD,COL,SD,,,,,,P
62174-145627,P,Lucas,Lucas Gilbreath,Gilbreath,3.217391304347826,23,5500,COL@SD,COL,SD,,,,,,P
62174-83166,P,Zack,Zack Littell,Littell,3.6315789473684212,38,5500,HOU@SF,SF,HOU,,,,,,P
62174-13025,P,Pedro,Pedro Baez,Baez,4,18,5500,HOU@SF,HOU,SF,IL,Shoulder,,,,P
62174-83193,P,Jesus,Jesus Tinoco,Tinoco,-11,1,5500,COL@SD,COL,SD,,,,,,P
62174-5370,P,Daniel,Daniel Bard,Bard,6.341463414634147,41,5500,COL@SD,COL,SD,,,,,,P
62174-5885,P,Jhoulys,Jhoulys Chacin,Chacin,6.590909090909091,22,5500,COL@SD,COL,SD,,,,,,P
62174-38171,P,Mike,Mike Kickham,Kickham,3,1,5500,LAD@ARI,LAD,ARI,,,,,,P
62174-85288,P,Brusdar,Brusdar Graterol,Graterol,3.6666666666666665,9,5500,LAD@ARI,LAD,ARI,,,,,,P
62174-12594,P,Jake,Jake McGee,McGee,5.613636363636363,44,5500,HOU@SF,SF,HOU,,,,,,P
62174-53045,P,Scott,Scott Oberg,Oberg,,,5500,COL@SD,COL,SD,IL,Elbow,,,,P
62174-79169,P,Jordan,Jordan Sheffield,Sheffield,4.473684210526316,19,5500,COL@SD,COL,SD,IL,Lat,,,,P
62174-79171,P,Phil,Phil Bickford,Bickford,5.233333333333333,30,5500,LAD@ARI,LAD,ARI,,,,,,P
62174-116548,P,Tyler,Tyler Rogers,Rogers,4.5,48,5500,HOU@SF,SF,HOU,,,,,,P
62174-38217,P,Tommy,Tommy Kahnle,Kahnle,12,1,5500,LAD@ARI,LAD,ARI,IL,Elbow,,,,P
62174-70482,P,J.B.,J.B. Wendelken,Wendelken,4.875,24,5500,OAK@LAA,OAK,LAA,,,,,,P
62174-21846,P,Chris,Chris Devenski,Devenski,2.75,8,5500,LAD@ARI,ARI,LAD,IL,Elbow,,,,P
62174-79194,P,Domingo,Domingo Acevedo,Acevedo,3,3,5500,OAK@LAA,OAK,LAA,,,,,,P
62174-118106,P,Victor,Victor Gonzalez,Gonzalez,4.102564102564102,39,5500,LAD@ARI,LAD,ARI,,,,,,P
62174-38240,P,Rafael,Rafael Montero,Montero,4.048780487804878,41,5500,HOU@SF,HOU,SF,,,,,,P
62174-104293,P,Nick,Nick Ramirez,Ramirez,5.384615384615385,13,5500,COL@SD,SD,COL,,,,,,P
62174-135530,P,Brett,Brett de Geus,de Geus,4.516129032258065,31,5500,LAD@ARI,ARI,LAD,,,,,,P
62174-118123,P,Blake,Blake Taylor,Taylor,5.071428571428571,28,5500,HOU@SF,HOU,SF,,,,,,P
62174-118124,P,Kent,Kent Emanuel,Emanuel,8.3,10,5500,HOU@SF,HOU,SF,IL,Elbow,,,,P
62174-12675,P,Steve,Steve Cishek,Cishek,4.03921568627451,51,5500,OAK@LAA,LAA,OAK,,,,,,P
62174-13192,P,Tony,Tony Watson,Watson,3.9166666666666665,36,5500,OAK@LAA,LAA,OAK,,,,,,P
62174-13709,P,Deolis,Deolis Guerra,Guerra,5.766666666666667,30,5500,OAK@LAA,OAK,LAA,,,,,,P
62174-23437,P,Brooks,Brooks Raley,Raley,4.2631578947368425,38,5500,HOU@SF,HOU,SF,,,,,,P
62174-38285,P,Zac,Zac Rosscup,Rosscup,4,3,5500,COL@SD,COL,SD,,,,,,P
62174-62871,P,Junior,Junior Guerra,Guerra,6.5,26,5500,OAK@LAA,LAA,OAK,,,,,,P
62174-79258,P,Ryne,Ryne Stanek,Stanek,5.260869565217392,46,5500,HOU@SF,HOU,SF,,,,,,P
62174-68511,P,Keury,Keury Mella,Mella,-3.5,2,5500,LAD@ARI,ARI,LAD,,,,,,P
62174-38303,P,Andrew,Andrew Chafin,Chafin,4.704545454545454,44,5500,OAK@LAA,OAK,LAA,,,,,,P
62174-61858,P,Raisel,Raisel Iglesias,Iglesias,8.046511627906977,43,5500,OAK@LAA,LAA,OAK,,,,,,P
62174-68515,P,Sam,Sam Moll,Moll,4.666666666666667,3,5500,OAK@LAA,OAK,LAA,,,,,,P
62174-157600,P,Austin,Austin Warren,Warren,7,1,5500,OAK@LAA,LAA,OAK,,,,,,P
62174-39843,P,Burch,Burch Smith,Smith,4.666666666666667,21,5500,OAK@LAA,OAK,LAA,,,,,,P
62174-6054,P,Mark,Mark Melancon,Melancon,5.066666666666666,45,5500,COL@SD,SD,COL,,,,,,P
62174-118183,P,Nivaldo,Nivaldo Rodriguez,Rodriguez,6.25,4,5500,HOU@SF,HOU,SF,,,,,,P
62174-118184,P,Enoli,Enoli Paredes,Paredes,4.416666666666667,12,5500,HOU@SF,HOU,SF,,,,,,P
62174-57770,P,Alex,Alex Claudio,Claudio,3.268292682926829,41,5500,OAK@LAA,LAA,OAK,,,,,,P
62174-118191,P,Antonio,Antonio Santos,Santos,8.2,5,5500,COL@SD,COL,SD,,,,,,P
62174-38322,P,Ben,Ben Rowen,Rowen,4.625,8,5500,OAK@LAA,LAA,OAK,,,,,,P
62174-68530,P,Jarlin,Jarlin Garcia,Garcia,6.818181818181818,33,5500,HOU@SF,SF,HOU,,,,,,P
62174-52148,P,Pierce,Pierce Johnson,Johnson,5.578947368421052,38,5500,COL@SD,SD,COL,,,,,,P
62174-101812,P,Justin,Justin Lawrence,Lawrence,3.7222222222222223,18,5500,COL@SD,COL,SD,,,,,,P
62174-52152,P,Robert,Robert Stephenson,Stephenson,4.296296296296297,27,5500,COL@SD,COL,SD,IL,Back,,,,P
62174-101816,P,Bryan,Bryan Abreu,Abreu,6.033333333333333,30,5500,HOU@SF,HOU,SF,,,,,,P
62174-68541,P,Taylor,Taylor Williams,Williams,6.2,5,5500,COL@SD,SD,COL,IL,Knee,,,,P
62174-101825,P,Jose,Jose Quijada,Quijada,12.5,2,5500,OAK@LAA,LAA,OAK,,,,,,P
62174-80832,P,Trevor,Trevor Hildenberger,Hildenberger,3.5,2,5500,HOU@SF,SF,HOU,,,,,,P
62174-118215,P,Riley,Riley Smith,Smith,7.708333333333333,24,5500,LAD@ARI,ARI,LAD,,,,,,P
62174-5069,P,Craig,Craig Stammen,Stammen,7.5,44,5500,COL@SD,SD,COL,,,,,,P
62174-80849,P,Adam,Adam Kolarek,Kolarek,1.25,12,5500,OAK@LAA,OAK,LAA,,,,,,P
62174-118224,P,Garrett,Garrett Cleavinger,Cleavinger,5.55,20,5500,LAD@ARI,LAD,ARI,,,,,,P
62174-5074,P,Tyler,Tyler Clippard,Clippard,7,3,5500,LAD@ARI,ARI,LAD,,,,,,P
62174-80345,P,Reyes,Reyes Moronta,Moronta,3.75,4,5500,HOU@SF,SF,HOU,IL,Elbow,,,,P
62174-84452,P,Caleb,Caleb Ferguson,Ferguson,6.238095238095238,21,5500,LAD@ARI,LAD,ARI,IL,Elbow,,,,P
62174-82923,P,Luke,Luke Bard,Bard,4.166666666666667,6,5500,OAK@LAA,LAA,OAK,IL,Hip,,,,P
62174-82922,P,Tyler,Tyler Kinley,Kinley,4.121951219512195,41,5500,COL@SD,COL,SD,,,,,,P
62174-82924,P,Tim,Tim Hill,Hill,4.73469387755102,49,5500,COL@SD,SD,COL,,,,,,P
62174-68590,P,Javy,Javy Guerra,Guerra,2.642857142857143,14,5500,COL@SD,SD,COL,IL,Elbow,,,,P
62174-68592,P,Francis,Francis Martes,Martes,,,5500,HOU@SF,HOU,SF,,,,,,P
62174-5107,P,Sergio,Sergio Romo,Romo,4.595238095238095,42,5500,OAK@LAA,OAK,LAA,,,,,,P
62174-5624,P,Scott,Scott Kazmir,Kazmir,9,3,5500,HOU@SF,SF,HOU,,,,,,P
62174-52733,P,Scott,Scott Alexander,Alexander,3.0555555555555554,18,5500,LAD@ARI,LAD,ARI,IL,Shoulder,,,,P
62174-82440,OF,Shohei,Shohei Ohtani,Ohtani,14.827272973879419,99,4600,OAK@LAA,LAA,OAK,,,,,,OF/UTIL
62174-79393,SS,Fernando,Fernando Tatis Jr.,Tatis Jr.,15.972092739371366,86,4500,COL@SD,SD,COL,,,,,,SS/UTIL
62174-14562,2B,Jose,Jose Altuve,Altuve,13.215729788448034,89,4200,HOU@SF,HOU,SF,,,,,,2B/UTIL
62174-13929,3B,Manny,Manny Machado,Machado,12.029897158907861,97,4000,COL@SD,SD,COL,,,,,,3B/UTIL
62174-39151,OF,Mookie,Mookie Betts,Betts,12.470731409584603,82,4000,LAD@ARI,LAD,ARI,IL,Hip,,,,OF/UTIL
62174-52175,1B,Matt,Matt Olson,Olson,12.756122199856506,98,4000,OAK@LAA,OAK,LAA,,,,,,C/1B/UTIL
62174-13423,OF,Starling,Starling Marte,Marte,13.064062118530273,64,3900,OAK@LAA,OAK,LAA,,,,,,OF/UTIL
62174-82575,OF,Yordan,Yordan Alvarez,Alvarez,12.145348837209303,86,3900,HOU@SF,HOU,SF,,,,,,OF/UTIL
62174-38561,2B/OF,Chris,Chris Taylor,Taylor,11.609091402304292,99,3900,LAD@ARI,LAD,ARI,,,,,,2B/OF/UTIL
62174-79125,OF,Kyle,Kyle Tucker,Tucker,11.870000542534722,90,3700,HOU@SF,HOU,SF,,,,,,OF/UTIL
62174-52176,1B/2B,Max,Max Muncy,Muncy,12.617046009410512,88,3700,LAD@ARI,LAD,ARI,,,,,,C/1B/2B/UTIL
62174-79401,C,Will,Will Smith,Smith,10.069047473725819,84,3500,LAD@ARI,LAD,ARI,,,,,,C/1B/UTIL
62174-12933,OF,Mike,Mike Trout,Trout,12.627777947319878,36,3500,OAK@LAA,LAA,OAK,IL,Calf,,,,OF/UTIL
62174-6312,3B,Justin,Justin Turner,Turner,11.031958511195231,97,3400,LAD@ARI,LAD,ARI,,,,,,3B/UTIL
62174-38614,SS,Carlos,Carlos Correa,Correa,11.576343823504704,93,3400,HOU@SF,HOU,SF,,,,,,SS/UTIL
62174-79175,OF,Trent,Trent Grisham,Grisham,10.340789794921875,76,3400,COL@SD,SD,COL,,,,,,OF/UTIL
62174-101787,OF,LaMonte,LaMonte Wade Jr.,Wade Jr.,10.057692307692308,52,3400,HOU@SF,SF,HOU,DTD,Lower leg,,,,OF/UTIL
62174-52158,SS,Trevor,Trevor Story,Story,10.826966017819522,89,3400,COL@SD,COL,SD,,,,,,SS/UTIL
62174-12928,1B,Eric,Eric Hosmer,Hosmer,8.250526187294408,95,3300,COL@SD,SD,COL,,,,,,C/1B/UTIL
62174-6273,OF,Michael,Michael Brantley,Brantley,10.449367088607595,79,3300,HOU@SF,HOU,SF,,,,,,OF/UTIL
62174-104483,1B,Jared,Jared Walsh,Walsh,10.80309303519652,97,3100,OAK@LAA,LAA,OAK,IL,Chest,,,,C/1B/UTIL
62174-13436,C,Max,Max Stassi,Stassi,9.86808484665891,47,3100,OAK@LAA,LAA,OAK,,,,,,C/1B/UTIL
62174-21666,OF,Mark,Mark Canha,Canha,11.578823673023898,85,3100,OAK@LAA,OAK,LAA,,,,,,OF/UTIL
62174-13487,OF,Tommy,Tommy Pham,Pham,9.709901110960706,101,3100,COL@SD,SD,COL,,,,,,OF/UTIL
62174-83155,OF,Ramon,Ramon Laureano,Laureano,10.345783279602786,83,3100,OAK@LAA,OAK,LAA,,,,,,OF/UTIL
62174-53033,OF,Mike,Mike Yastrzemski,Yastrzemski,10.366666521344866,84,3100,HOU@SF,SF,HOU,,,,,,OF/UTIL
62174-79159,1B/OF,Cody,Cody Bellinger,Bellinger,8.367391171662703,46,3100,LAD@ARI,LAD,ARI,,,,,,C/1B/OF/UTIL
62174-68544,3B,Matt,Matt Chapman,Chapman,8.760395918742265,101,3100,OAK@LAA,OAK,LAA,,,,,,3B/UTIL
62174-38412,SS,Corey,Corey Seager,Seager,10.783783783783784,37,3000,LAD@ARI,LAD,ARI,IL,Hand,,,,SS/UTIL
62174-38965,1B,C.J.,C.J. Cron,Cron,9.23647030101103,85,3000,COL@SD,COL,SD,DTD,Groin,,,,C/1B/UTIL
62174-16951,3B,Anthony,Anthony Rendon,Rendon,9.220689444706357,58,3000,OAK@LAA,LAA,OAK,IL,Hamstring,,,,3B/UTIL
62174-53586,OF,David,David Peralta,Peralta,8.248958587646484,96,3000,LAD@ARI,ARI,LAD,,,,,,OF/UTIL
62174-21853,2B/OF,Ketel,Ketel Marte,Marte,11.508332994249132,36,3000,LAD@ARI,ARI,LAD,IL,Hamstring,,,,2B/OF/UTIL
62174-68514,2B/3B,Ryan,Ryan McMahon,McMahon,9.976041793823242,96,3000,COL@SD,COL,SD,,,,,,2B/3B/UTIL
62174-68522,3B,Alex,Alex Bregman,Bregman,10.684746176509535,59,3000,HOU@SF,HOU,SF,IL,Quadriceps,,,,3B/UTIL
62174-6292,1B,Buster,Buster Posey,Posey,10.765151515151516,66,2900,HOU@SF,SF,HOU,DTD,Head,,,,C/1B/UTIL
62174-79156,2B/SS,David,David Fletcher,Fletcher,8.663917777464562,97,2900,OAK@LAA,LAA,OAK,,,,,,2B/SS/UTIL
62174-118210,1B/2B,Jake,Jake Cronenworth,Cronenworth,10.470588235294118,102,2900,COL@SD,SD,COL,,,,,,C/1B/2B/UTIL
62174-13638,2B/3B,Wilmer,Wilmer Flores,Flores,7.834066202352335,91,2800,HOU@SF,SF,HOU,,,,,,2B/3B/UTIL
62174-38218,1B,Christian,Christian Walker,Walker,7.395312309265137,64,2800,LAD@ARI,ARI,LAD,,,,,,C/1B/UTIL
62174-71507,1B,Yuli,Yuli Gurriel,Gurriel,10.665263286389802,95,2800,HOU@SF,HOU,SF,,,,,,C/1B/UTIL
62174-6197,OF,Justin,Justin Upton,Upton,10.033803160761444,71,2700,OAK@LAA,LAA,OAK,,,,,,OF/UTIL
62174-82530,1B/OF,Pavin,Pavin Smith,Smith,8.358333587646484,96,2700,LAD@ARI,ARI,LAD,,,,,,C/1B/OF/UTIL
62174-5221,1B/3B,Asdrubal,Asdrubal Cabrera,Cabrera,7.734328540403451,67,2700,LAD@ARI,ARI,LAD,,,,,,C/1B/3B/UTIL
62174-60635,OF,Raimel,Raimel Tapia,Tapia,9.919387505978953,98,2700,COL@SD,COL,SD,,,,,,OF/UTIL
62174-70898,2B/OF,Adam,Adam Frazier,Frazier,9.722772277227723,101,2700,COL@SD,SD,COL,,,,,,2B/OF/UTIL
62174-6029,2B/3B,Jed,Jed Lowrie,Lowrie,8.580612494021047,98,2700,OAK@LAA,OAK,LAA,,,,,,2B/3B/UTIL
62174-13229,OF,Charlie,Charlie Blackmon,Blackmon,8.77500025431315,96,2700,COL@SD,COL,SD,,,,,,OF/UTIL
62174-12919,SS,Jose,Jose Iglesias,Iglesias,8.084091186523438,88,2600,OAK@LAA,LAA,OAK,,,,,,SS/UTIL
62174-12970,OF,AJ,AJ Pollock,Pollock,9.167532784598214,77,2600,LAD@ARI,LAD,ARI,,,,,,OF/UTIL
62174-68582,2B/SS,Brendan,Brendan Rodgers,Rodgers,8.296078551049327,51,2600,COL@SD,COL,SD,,,,,,2B/SS/UTIL
62174-12900,1B,Brandon,Brandon Belt,Belt,10.236363636363636,55,2500,HOU@SF,SF,HOU,IL,Knee,,,,C/1B/UTIL
62174-13924,OF,Kole,Kole Calhoun,Calhoun,6.3230766883263225,26,2500,LAD@ARI,ARI,LAD,,,,,,OF/UTIL
62174-82563,2B/OF,Garrett,Garrett Hampson,Hampson,7.78631591796875,95,2500,COL@SD,COL,SD,,,,,,2B/OF/UTIL
62174-73871,C,Carson,Carson Kelly,Kelly,9.347999877929688,50,2500,LAD@ARI,ARI,LAD,IL,Wrist,,,,C/1B/UTIL
62174-113309,2B/SS,Josh,Josh Rojas,Rojas,9.129032258064516,93,2500,LAD@ARI,ARI,LAD,IL,Finger,,,,2B/SS/UTIL
62174-12961,SS,Brandon,Brandon Crawford,Crawford,11.684337202324924,83,2500,HOU@SF,SF,HOU,,,,,,SS/UTIL
62174-12462,1B,Mitch,Mitch Moreland,Moreland,6.286567346373601,67,2500,OAK@LAA,OAK,LAA,,,,,,C/1B/UTIL
62174-79151,3B,Taylor,Taylor Ward,Ward,8.725397019159226,63,2500,OAK@LAA,LAA,OAK,,,,,,3B/UTIL
62174-5607,3B,Evan,Evan Longoria,Longoria,10.49199951171875,50,2500,HOU@SF,SF,HOU,IL,Shoulder,,,,3B/UTIL
62174-12931,OF,Wil,Wil Myers,Myers,8.38191515334109,94,2400,COL@SD,SD,COL,,,,,,OF/UTIL
62174-82613,SS,Thairo,Thairo Estrada,Estrada,7.9,25,2400,HOU@SF,SF,HOU,,,,,,SS/UTIL
62174-104629,SS,Jack,Jack Mayfield,Mayfield,5.5580646145728325,31,2400,OAK@LAA,LAA,OAK,,,,,,SS/UTIL
62174-82624,C,Sean,Sean Murphy,Murphy,8.683529124540442,85,2400,OAK@LAA,OAK,LAA,,,,,,C/1B/UTIL
62174-5359,SS,Elvis,Elvis Andrus,Andrus,6.4316829265934405,101,2400,OAK@LAA,OAK,LAA,,,,,,SS/UTIL
62174-79165,2B/SS,Gavin,Gavin Lux,Lux,8.076829119426447,82,2400,LAD@ARI,LAD,ARI,IL,Hamstring,,,,2B/SS/UTIL
62174-13706,OF,Adam,Adam Eaton,Eaton,7.554167005750868,72,2400,OAK@LAA,LAA,OAK,,,,,,OF/UTIL
62174-97257,OF,Myles,Myles Straw,Straw,8.161224365234375,98,2400,HOU@SF,HOU,SF,,,,,,OF/UTIL
62174-54307,C,Elias,Elias Diaz,Diaz,7.101666768391927,60,2300,COL@SD,COL,SD,,,,,,C/1B/UTIL
62174-5189,OF,Josh,Josh Reddick,Reddick,5.82244873046875,49,2300,LAD@ARI,ARI,LAD,DTD,Illness,,,,OF/UTIL
62174-80485,OF,Austin,Austin Slater,Slater,6.1647058823529415,85,2300,HOU@SF,SF,HOU,,,,,,OF/UTIL
62174-82533,OF,Daulton,Daulton Varsho,Varsho,7.128888617621528,45,2300,LAD@ARI,ARI,LAD,,,,,,OF/UTIL
62174-79154,OF,Brandon,Brandon Marsh,Marsh,6.145454406738281,11,2300,OAK@LAA,LAA,OAK,,,,,,OF/UTIL
62174-38952,OF,Alex,Alex Dickerson,Dickerson,6.279487022986779,78,2200,HOU@SF,SF,HOU,,,,,,OF/UTIL
62174-135216,OF,Chas,Chas McCormick,McCormick,8.093650696769593,63,2200,HOU@SF,HOU,SF,,,,,,OF/UTIL
62174-5177,1B,Albert,Albert Pujols,Pujols,6.95753416296554,73,2200,LAD@ARI,LAD,ARI,,,,,,C/1B/UTIL
62174-13412,2B/SS,Donovan,Donovan Solano,Solano,6.939436791648327,71,2200,HOU@SF,SF,HOU,,,,,,2B/SS/UTIL
62174-52878,OF,Billy,Billy McKinney,McKinney,5.5523255813953485,86,2200,LAD@ARI,LAD,ARI,,,,,,OF/UTIL
62174-104085,2B,Josh,Josh VanMeter,VanMeter,5.024193548387097,62,2200,LAD@ARI,ARI,LAD,,,,,,2B/UTIL
62174-14000,OF,Darin,Darin Ruf,Ruf,7.036111195882161,72,2200,HOU@SF,SF,HOU,,,,,,OF/UTIL
62174-13520,2B,Phil,Phil Gosselin,Gosselin,6.360377473651238,53,2200,OAK@LAA,LAA,OAK,,,,,,2B/UTIL
62174-54049,2B,Aledmys,Aledmys Diaz,Diaz,9.227778116861979,36,2200,HOU@SF,HOU,SF,,,,,,2B/UTIL
62174-17198,2B/3B,Tommy,Tommy La Stella,La Stella,5.324000244140625,25,2200,HOU@SF,SF,HOU,IL,Hamstring,,,,2B/3B/UTIL
62174-38252,OF,Stephen,Stephen Piscotty,Piscotty,4.840624809265137,64,2200,OAK@LAA,OAK,LAA,,,,,,OF/UTIL
62174-68471,2B/OF,Tony,Tony Kemp,Kemp,6.776829417158917,82,2200,OAK@LAA,OAK,LAA,,,,,,2B/OF/UTIL
62174-13253,C,Martin,Martin Maldonado,Maldonado,6.613513431033573,74,2200,HOU@SF,HOU,SF,,,,,,C/1B/UTIL
62174-13262,2B/OF,Jurickson,Jurickson Profar,Profar,6.575000127156575,96,2200,COL@SD,SD,COL,,,,,,2B/OF/UTIL
62174-101910,OF,Connor,Connor Joe,Joe,5.171875,32,2100,COL@SD,COL,SD,,,,,,OF/UTIL
62174-13917,OF,Juan,Juan Lagares,Lagares,6.217910538858442,67,2100,OAK@LAA,LAA,OAK,,,,,,OF/UTIL
62174-21612,SS,Nick,Nick Ahmed,Ahmed,6.142222086588542,90,2100,LAD@ARI,ARI,LAD,,,,,,SS/UTIL
62174-116450,1B/OF,Seth,Seth Brown,Brown,6.524050941950159,79,2100,OAK@LAA,OAK,LAA,,,,,,C/1B/OF/UTIL
62174-109803,C,Austin,Austin Nola,Nola,6.854545593261719,22,2100,COL@SD,SD,COL,,,,,,C/1B/UTIL
62174-85246,1B/3B,Joshua,Joshua Fuentes,Fuentes,5.844444444444444,90,2100,COL@SD,COL,SD,,,,,,C/1B/3B/UTIL
62174-79238,OF,Steven,Steven Duggar,Duggar,7.730263157894737,76,2100,HOU@SF,SF,HOU,,,,,,OF/UTIL
62174-79776,C,Dom,Dom Nunez,Nunez,7.0672412740773165,58,2100,COL@SD,COL,SD,,,,,,C/1B/UTIL
62174-101820,1B/OF,Matt,Matt Beaty,Beaty,5.214117790670956,85,2100,LAD@ARI,LAD,ARI,,,,,,C/1B/OF/UTIL
62174-118218,2B,Zach,Zach McKinstry,McKinstry,7.023214067731585,56,2100,LAD@ARI,LAD,ARI,,,,,,2B/UTIL
62174-135207,2B,Alex,Alex De Goti,De Goti,9.449999809265137,2,2000,HOU@SF,HOU,SF,,,,,,2B/UTIL
62174-102439,3B,Andrew,Andrew Young,Young,4.845454476096413,44,2000,LAD@ARI,ARI,LAD,,,,,,3B/UTIL
62174-102438,SS,Geraldo,Geraldo Perdomo,Perdomo,3.799999952316284,4,2000,LAD@ARI,ARI,LAD,,,,,,SS/UTIL
62174-11311,C,Drew,Drew Butera,Butera,2.7250000635782876,12,2000,OAK@LAA,LAA,OAK,,,,,,C/1B/UTIL
62174-135227,2B,Jose,Jose Rojas,Rojas,6.321738865064538,46,2000,OAK@LAA,LAA,OAK,,,,,,2B/UTIL
62174-11344,C,Jason,Jason Castro,Castro,5.874359130859375,39,2000,HOU@SF,HOU,SF,,,,,,C/1B/UTIL
62174-150096,2B,Ivan,Ivan Castillo,Castillo,3.1666666666666665,3,2000,COL@SD,SD,COL,,,,,,2B/UTIL
62174-13407,C,Bryan,Bryan Holaday,Holaday,5.271428789411273,7,2000,LAD@ARI,ARI,LAD,,,,,,C/1B/UTIL
62174-102497,OF,Ronnie,Ronnie Dawson,Dawson,4.133333206176758,3,2000,HOU@SF,HOU,SF,,,,,,OF/UTIL
62174-135274,OF,Zach,Zach Reks,Reks,1.0666666825612385,6,2000,LAD@ARI,LAD,ARI,,,,,,OF/UTIL
62174-17012,C,Curt,Curt Casali,Casali,6.502040940888074,49,2000,HOU@SF,SF,HOU,,,,,,C/1B/UTIL
62174-135288,SS,Alan,Alan Trejo,Trejo,3.3423077509953427,26,2000,COL@SD,COL,SD,,,,,,SS/UTIL
62174-118398,SS,Vimael,Vimael Machin,Machin,1.5699999809265137,10,2000,OAK@LAA,OAK,LAA,,,,,,SS/UTIL
62174-118408,3B/OF,Yoshi,Yoshi Tsutsugo,Tsutsugo,3.9184208920127466,38,2000,LAD@ARI,LAD,ARI,,,,,,3B/OF/UTIL
62174-135307,C,Webster,Webster Rivas,Rivas,5.580952235630581,21,2000,COL@SD,SD,COL,,,,,,C/1B/UTIL
62174-135310,C,Chadwick,Chadwick Tromp,Tromp,3.9000000953674316,8,2000,HOU@SF,SF,HOU,,,,,,C/1B/UTIL
62174-102550,C,Luis,Luis Campusano,Campusano,2.227272727272727,11,2000,COL@SD,SD,COL,,,,,,C/1B/UTIL
62174-116888,OF,Jaylin,Jaylin Davis,Davis,1.8399999618530274,5,2000,HOU@SF,SF,HOU,IL,Hamstring,,,,OF/UTIL
62174-82593,C,Keibert,Keibert Ruiz,Ruiz,3.116666793823242,6,2000,LAD@ARI,LAD,ARI,,,,,,C/1B/UTIL
62174-114357,C,Brian,Brian O'Grady,O'Grady,4.762963189019097,27,2000,COL@SD,SD,COL,,,,,,C/1B/UTIL
62174-145590,3B,Jason,Jason Vosler,Vosler,4.839473523591694,38,2000,HOU@SF,SF,HOU,,,,,,3B/UTIL
62174-13501,2B/OF,Chris,Chris Owings,Owings,7.633333478655134,21,2000,COL@SD,COL,SD,IL,Thumb,,,,2B/OF/UTIL
62174-5311,C,Kurt,Kurt Suzuki,Suzuki,5.248936105281748,47,2000,OAK@LAA,LAA,OAK,,,,,,C/1B/UTIL
62174-11989,OF,Jon,Jon Jay,Jay,4.979999923706055,5,2000,OAK@LAA,LAA,OAK,,,,,,OF/UTIL
62174-53476,OF,Scott,Scott Schebler,Schebler,2.3999998910086497,14,2000,OAK@LAA,LAA,OAK,,,,,,OF/UTIL
62174-146160,2B/SS,Ha-Seong,Ha-Seong Kim,Kim,5.526582355740704,79,2000,COL@SD,SD,COL,,,,,,2B/SS/UTIL
62174-83195,OF,Yonathan,Yonathan Daza,Daza,6.455000305175782,80,2000,COL@SD,COL,SD,IL,Undisclosed,,,,OF/UTIL
62174-85254,C,Joey,Joey Bart,Bart,6.349999904632568,2,2000,HOU@SF,SF,HOU,,,,,,C/1B/UTIL
62174-79128,C,Garrett,Garrett Stubbs,Stubbs,3.1333334181043835,9,2000,HOU@SF,HOU,SF,,,,,,C/1B/UTIL
62174-85284,3B,Jacob,Jacob Wilson,Wilson,1.0333333015441895,6,2000,OAK@LAA,OAK,LAA,,,,,,3B/UTIL
62174-85287,2B,Kean,Kean Wong,Wong,3.1526316592567847,19,2000,OAK@LAA,LAA,OAK,,,,,,2B/UTIL
62174-79152,1B,Matt,Matt Thaiss,Thaiss,5.387499809265137,8,2000,OAK@LAA,LAA,OAK,,,,,,C/1B/UTIL
62174-70453,SS,Andy,Andy Burns,Burns,3.3777777353922525,9,2000,LAD@ARI,LAD,ARI,,,,,,SS/UTIL
62174-110911,OF,Robel,Robel Garcia,Garcia,3.424390095036204,41,2000,HOU@SF,HOU,SF,,,,,,OF/UTIL
62174-79181,SS/OF,Mauricio,Mauricio Dubon,Dubon,5.206060698538115,66,2000,HOU@SF,SF,HOU,,,,,,SS/OF/UTIL
62174-104273,C,Anthony,Anthony Bemboom,Bemboom,4.300000190734863,8,2000,OAK@LAA,LAA,OAK,,,,,,C/1B/UTIL
62174-53593,OF,Patrick,Patrick Kivlehan,Kivlehan,5.720000076293945,5,2000,COL@SD,SD,COL,,,,,,OF/UTIL
62174-38249,OF,Steven,Steven Souza Jr.,Souza Jr.,3.8000001173753004,13,2000,LAD@ARI,LAD,ARI,,,,,,OF/UTIL
62174-68478,2B/OF,Chad,Chad Pinder,Pinder,5.8847828740658965,46,2000,OAK@LAA,OAK,LAA,IL,Hamstring,,,,2B/OF/UTIL
62174-79240,C,Aramis,Aramis Garcia,Garcia,4.565625190734863,32,2000,OAK@LAA,OAK,LAA,,,,,,C/1B/UTIL
62174-102295,OF,Stuart,Stuart Fairchild,Fairchild,1.2399999618530273,10,2000,LAD@ARI,ARI,LAD,,,,,,OF/UTIL
62174-38297,C,Austin,Austin Barnes,Barnes,6.4018865621314855,53,2000,LAD@ARI,LAD,ARI,,,,,,C/1B/UTIL
62174-118181,1B/3B,Taylor,Taylor Jones,Jones,3.871428716750372,21,2000,HOU@SF,HOU,SF,,,,,,C/1B/3B/UTIL
62174-101796,OF,Braden,Braden Bishop,Bishop,0.7749999761581421,8,2000,HOU@SF,SF,HOU,,,,,,OF/UTIL
62174-79278,2B/3B,Sheldon,Sheldon Neuse,Neuse,3.1878786954012783,33,2000,LAD@ARI,LAD,ARI,,,,,,2B/3B/UTIL
62174-118193,OF,Nick,Nick Heath,Heath,2.154999923706055,20,2000,LAD@ARI,ARI,LAD,,,,,,OF/UTIL
62174-101811,OF,Sam,Sam Hilliard,Hilliard,4.875,32,2000,COL@SD,COL,SD,,,,,,OF/UTIL
62174-84405,OF,John,John Andreoli,Andreoli,2.1999999455043246,7,2000,COL@SD,SD,COL,,,,,,OF/UTIL
62174-101817,2B/3B,Luis,Luis Rengifo,Rengifo,4.464285714285714,28,2000,OAK@LAA,LAA,OAK,,,,,,2B/3B/UTIL
62174-68538,2B,Franklin,Franklin Barreto,Barreto,1.8095238095238095,21,2000,OAK@LAA,LAA,OAK,IL,Elbow,,,,2B/UTIL
62174-101821,1B/3B,Edwin,Edwin Rios,Rios,2.5720001220703126,25,2000,LAD@ARI,LAD,ARI,IL,Shoulder,,,,C/1B/3B/UTIL
62174-52161,2B/3B,Rio,Rio Ruiz,Ruiz,5.352941176470588,34,2000,COL@SD,COL,SD,,,,,,2B/3B/UTIL
62174-102341,OF,DJ,DJ Peters,Peters,4.666666666666667,18,2000,LAD@ARI,LAD,ARI,,,,,,OF/UTIL
62174-101833,OF,Luis,Luis Barrera,Barrera,0.75,4,2000,OAK@LAA,OAK,LAA,,,,,,OF/UTIL
62174-101832,OF,Skye,Skye Bolt,Bolt,1.9960000610351563,25,2000,OAK@LAA,OAK,LAA,,,,,,OF/UTIL
62174-101835,C,Austin,Austin Allen,Allen,9.350000381469727,2,2000,OAK@LAA,OAK,LAA,,,,,,C/1B/UTIL
62174-80847,OF,Mike,Mike Tauchman,Tauchman,4.718666585286458,75,2000,HOU@SF,SF,HOU,,,,,,OF/UTIL
62174-80848,C,Victor,Victor Caratini,Caratini,6.23902446467702,82,2000,COL@SD,SD,COL,,,,,,C/1B/UTIL
62174-118227,OF,Jorge,Jorge Ona,Ona,9.319999694824219,5,2000,COL@SD,SD,COL,IL,Elbow,,,,OF/UTIL
62174-5077,OF,Dexter,Dexter Fowler,Fowler,5.2999997820172995,7,2000,OAK@LAA,LAA,OAK,IL,Knee,,,,OF/UTIL
62174-80852,2B,Ildemaro,Ildemaro Vargas,Vargas,3.28,25,2000,LAD@ARI,ARI,LAD,,,,,,2B/UTIL
62174-102363,OF,Luke,Luke Raley,Raley,2.553333282470703,30,2000,LAD@ARI,LAD,ARI,,,,,,OF/UTIL
62174-13799,1B,Matt,Matt Adams,Adams,2.2545453851873223,22,2000,COL@SD,COL,SD,,,,,,C/1B/UTIL
62174-68593,2B/OF,Jorge,Jorge Mateo,Mateo,3.2545454545454544,55,2000,COL@SD,SD,COL,,,,,,2B/OF/UTIL